version,size_test,size_training,succHe_RF,succZi_RF,succG75_RF,succG60_RF,error_RF,recall_RF,precision_RF,fscore_RF,gscore_RF,mcc_RF,auc_RF,aucec_RF,tpr_RF,tnr_RF,tp_RF,fn_RF,tn_RF,fp_RF,trainerror_RF,trainrecall_RF,trainprecision_RF,trainsuccHe_RF,succHe_RFLocalEM,succZi_RFLocalEM,succG75_RFLocalEM,succG60_RFLocalEM,error_RFLocalEM,recall_RFLocalEM,precision_RFLocalEM,fscore_RFLocalEM,gscore_RFLocalEM,mcc_RFLocalEM,auc_RFLocalEM,aucec_RFLocalEM,tpr_RFLocalEM,tnr_RFLocalEM,tp_RFLocalEM,fn_RFLocalEM,tn_RFLocalEM,fp_RFLocalEM,trainerror_RFLocalEM,trainrecall_RFLocalEM,trainprecision_RFLocalEM,trainsuccHe_RFLocalEM,succHe_RFLocalFQ,succZi_RFLocalFQ,succG75_RFLocalFQ,succG60_RFLocalFQ,error_RFLocalFQ,recall_RFLocalFQ,precision_RFLocalFQ,fscore_RFLocalFQ,gscore_RFLocalFQ,mcc_RFLocalFQ,auc_RFLocalFQ,aucec_RFLocalFQ,tpr_RFLocalFQ,tnr_RFLocalFQ,tp_RFLocalFQ,fn_RFLocalFQ,tn_RFLocalFQ,fp_RFLocalFQ,trainerror_RFLocalFQ,trainrecall_RFLocalFQ,trainprecision_RFLocalFQ,trainsuccHe_RFLocalFQ
ant-1.3.csv,125,11424,0,0,0,0,0.464,0.7,0.21212121212121213,0.3255813953488372,0.5865612648221343,0.1503698735860522,0.5852380952380952,0.5281638770259158,0.7,0.5047619047619047,14.0,6.0,53.0,52.0,0.0667016806722689,0.8851540616246498,0.9794653235180163,1,0,0,0,0,0.464,0.55,0.18333333333333332,0.27499999999999997,0.5415384615384614,0.06114994880877856,0.5416666666666666,0.4793774370672963,0.55,0.5333333333333333,11.0,9.0,56.0,49.0,0.0667016806722689,0.8851540616246498,0.9794653235180163,1,0,0,0,0,0.448,0.55,0.1896551724137931,0.282051282051282,0.5511879049676026,0.07526228757150095,0.5511904761904762,0.5440237141568742,0.55,0.5523809523809524,11.0,9.0,58.0,47.0,0.09112394957983193,0.8625700280112045,0.9506077561257958,1
ant-1.4.csv,178,11424,0,0,0,0,0.48314606741573035,0.6,0.2553191489361702,0.3582089552238805,0.5411140583554376,0.07755268748030858,0.5419384057971014,0.6156896392656145,0.6,0.4927536231884058,24.0,16.0,68.0,70.0,0.0667016806722689,0.8851540616246498,0.9794653235180163,1,0,0,0,0,0.550561797752809,0.45,0.19148936170212766,0.26865671641791045,0.44963738920225627,-0.0842173715606476,0.44963768115942027,0.5128498939016513,0.45,0.4492753623188406,18.0,22.0,62.0,76.0,0.0667016806722689,0.8851540616246498,0.9794653235180163,1,0,0,0,0,0.5168539325842697,0.525,0.22340425531914893,0.3134328358208955,0.49654419789014187,-0.003332342040169509,0.4980072463768116,0.5408068087461939,0.525,0.47101449275362317,21.0,19.0,65.0,73.0,0.3638830532212885,0.6221988795518207,0.6400144066270484,0
ant-1.5.csv,293,11424,0,0,0,0,0.4402730375426621,0.5625,0.13533834586466165,0.2181818181818182,0.5609391675560299,0.07636014130019171,0.5845306513409961,0.5102085654876107,0.5625,0.5593869731800766,18.0,14.0,146.0,115.0,0.0667016806722689,0.8851540616246498,0.9794653235180163,1,0,0,0,0,0.48464163822525597,0.59375,0.12837837837837837,0.21111111111111108,0.5462267232930416,0.062071311569000025,0.5497485632183908,0.5258940572334492,0.59375,0.5057471264367817,19.0,13.0,132.0,129.0,0.0667016806722689,0.8851540616246498,0.9794653235180163,1,0,0,0,0,0.40273037542662116,0.59375,0.1532258064516129,0.24358974358974358,0.5957190232137473,0.12086457410062316,0.5957255747126436,0.5978293335784123,0.59375,0.5977011494252874,19.0,13.0,156.0,105.0,0.33560924369747897,0.6388305322128851,0.6732472324723248,0
ant-1.6.csv,351,11424,0,0,0,1,0.3817663817663818,0.7391304347826086,0.38202247191011235,0.5037037037037037,0.6469987228607919,0.27658009424199115,0.661994292429075,0.6051948086850557,0.7391304347826086,0.5752895752895753,68.0,24.0,149.0,110.0,0.0667016806722689,0.8851540616246498,0.9794653235180163,1,0,0,0,1,0.41595441595441596,0.7282608695652174,0.35638297872340424,0.4785714285714286,0.6153948550700522,0.2302203335470286,0.6305397011918751,0.5919874125508986,0.7282608695652174,0.5328185328185329,67.0,25.0,138.0,121.0,0.0667016806722689,0.8851540616246498,0.9794653235180163,1,0,0,0,0,0.45014245014245013,0.717391304347826,0.3333333333333333,0.4551724137931034,0.5825283202446313,0.1842396469255049,0.6038693973476582,0.585105702936815,0.717391304347826,0.49034749034749037,66.0,26.0,127.0,132.0,0.0667016806722689,0.8851540616246498,0.9794653235180163,1
ant-1.7.csv,745,11424,0,0,0,0,0.45100671140939597,0.6445783132530121,0.2786458333333333,0.3890909090909091,0.5765981175001115,0.1383628728184842,0.5842905299956301,0.5094423790834139,0.6445783132530121,0.5215889464594128,107.0,59.0,302.0,277.0,0.0667016806722689,0.8851540616246498,0.9794653235180163,1,0,0,0,0,0.4429530201342282,0.6987951807228916,0.29292929292929293,0.4128113879003559,0.5939142793540986,0.1794654683973288,0.6076013900160226,0.5290022074466292,0.6987951807228916,0.5164075993091537,116.0,50.0,299.0,280.0,0.0667016806722689,0.8851540616246498,0.9794653235180163,1,0,0,0,0,0.48053691275167787,0.6987951807228916,0.27358490566037735,0.3932203389830508,0.560606330806955,0.1402062188488807,0.5834217699814803,0.55807021272824,0.6987951807228916,0.4680483592400691,116.0,50.0,271.0,308.0,0.06678921568627451,0.8849789915966386,0.9794613447006394,1
arc.csv,234,12070,0,0,0,0,0.4358974358974359,0.4444444444444444,0.12121212121212122,0.19047619047619047,0.5031446540880502,0.015620043253209258,0.5133297548756486,0.463804337807273,0.4444444444444444,0.5797101449275363,12.0,15.0,120.0,87.0,0.06097763048881524,0.895774647887324,0.9805913295846181,1,0,0,0,1,0.41025641025641024,0.6666666666666666,0.17142857142857143,0.27272727272727276,0.6201550387596899,0.15826226639997035,0.6231884057971014,0.6470538881680479,0.6666666666666666,0.5797101449275363,18.0,9.0,120.0,87.0,0.06114333057166529,0.8954432477216239,0.9805842859735076,1,0,0,0,1,0.43162393162393164,0.7037037037037037,0.16964285714285715,0.2733812949640288,0.6178861788617886,0.16272100388722174,0.6272141706924316,0.6695003982350034,0.7037037037037037,0.5507246376811594,19.0,8.0,114.0,93.0,0.06097763048881524,0.895774647887324,0.9805913295846181,1
berek.csv,43,12092,0,0,0,0,0.46511627906976744,0.75,0.42857142857142855,0.5454545454545454,0.528,0.15964024811538646,0.5914351851851852,0.5553778620049502,0.75,0.4074074074074074,12.0,4.0,11.0,16.0,0.06483625537545484,0.8903407211379425,0.978015988372093,1,0,0,0,0,0.5813953488372093,0.5,0.32,0.39024390243902435,0.425531914893617,-0.12701057925542406,0.4351851851851852,0.6957282642326731,0.5,0.37037037037037035,8.0,8.0,10.0,17.0,0.06483625537545484,0.8903407211379425,0.978015988372093,1,0,0,0,0,0.5116279069767442,0.5625,0.375,0.45,0.496551724137931,0.006759225880448439,0.5034722222222222,0.7126024907178217,0.5625,0.4444444444444444,9.0,7.0,12.0,15.0,0.30259675818723125,0.6829308633807476,0.7032873445750298,0
camel-1.0.csv,339,11000,0,0,0,1,0.41297935103244837,0.6153846153846154,0.055944055944055944,0.10256410256410257,0.6002749950893734,0.07826588502361213,0.578692779613025,0.5977831663902661,0.6153846153846154,0.5858895705521472,8.0,5.0,191.0,135.0,0.06909090909090909,0.8807272727272727,0.978981406628941,1,0,0,0,0,0.3834808259587021,0.46153846153846156,0.046511627906976744,0.08450704225352114,0.5301414581066377,0.0333183309266998,0.5421189240207646,0.5302425103735859,0.46153846153846156,0.6226993865030674,6.0,7.0,203.0,123.0,0.06909090909090909,0.8807272727272727,0.978981406628941,1,0,0,0,0,0.4778761061946903,0.6153846153846154,0.048484848484848485,0.0898876404494382,0.5627471383975027,0.05140270650109637,0.5668947616800377,0.5652058863114291,0.6153846153846154,0.5184049079754601,8.0,5.0,169.0,157.0,0.06918181818181818,0.8805454545454545,0.9789771578734586,1
camel-1.2.csv,608,11000,0,0,0,0,0.47039473684210525,0.4398148148148148,0.36538461538461536,0.39915966386554624,0.4999304525222552,0.01827989840098725,0.4850895219198791,0.5651477470653372,0.4398148148148148,0.5790816326530612,95.0,121.0,227.0,165.0,0.06909090909090909,0.8807272727272727,0.978981406628941,1,0,0,0,0,0.4029605263157895,0.48148148148148145,0.4388185654008439,0.4591611479028697,0.5570353213665314,0.13953894978757508,0.5710978835978836,0.5871615654295669,0.48148148148148145,0.6607142857142857,104.0,112.0,259.0,133.0,0.06909090909090909,0.8807272727272727,0.978981406628941,1,0,0,0,0,0.4621710526315789,0.4537037037037037,0.37547892720306514,0.4109014675052411,0.5107419208010924,0.03663358822364107,0.5189436885865457,0.5830954348061673,0.4537037037037037,0.5841836734693877,98.0,118.0,229.0,163.0,0.1910909090909091,0.7767272727272727,0.8301593470656821,1
camel-1.4.csv,872,11000,0,0,0,0,0.39793577981651373,0.5655172413793104,0.22404371584699453,0.32093933463796476,0.586617574627167,0.13193273801373404,0.5738984015557558,0.5891799797491153,0.5655172413793104,0.609353507565337,82.0,63.0,443.0,284.0,0.06909090909090909,0.8807272727272727,0.978981406628941,1,0,0,0,0,0.4208715596330275,0.42758620689655175,0.1791907514450867,0.2525458248472505,0.5025386747660302,0.02811342895788473,0.5184698572309444,0.5121900489396425,0.42758620689655175,0.609353507565337,62.0,83.0,443.0,284.0,0.06909090909090909,0.8807272727272727,0.978981406628941,1,0,0,0,0,0.3967889908256881,0.5862068965517241,0.22911051212938005,0.32945736434108525,0.596230316526165,0.14520231148395238,0.5964046862400987,0.5847574815773208,0.5862068965517241,0.6066024759284732,85.0,60.0,441.0,286.0,0.06909090909090909,0.8807272727272727,0.978981406628941,1
camel-1.6.csv,965,11000,0,0,0,0,0.4310880829015544,0.4734042553191489,0.21921182266009853,0.2996632996632997,0.526109501198332,0.05248838753232949,0.5171417618226128,0.5569587670094669,0.4734042553191489,0.592020592020592,89.0,99.0,460.0,317.0,0.06909090909090909,0.8807272727272727,0.978981406628941,1,0,0,0,0,0.44559585492227977,0.4521276595744681,0.20631067961165048,0.2833333333333333,0.5078163895250424,0.025044971992219695,0.5156391193625236,0.5247970061643884,0.4521276595744681,0.5791505791505791,85.0,103.0,450.0,327.0,0.06909090909090909,0.8807272727272727,0.978981406628941,1,0,0,0,0,0.43419689119170984,0.44148936170212766,0.20906801007556675,0.28376068376068375,0.5071963572771968,0.030078365959793643,0.5186854787918618,0.5237096988191587,0.44148936170212766,0.5958815958815958,83.0,105.0,463.0,314.0,0.3557272727272727,0.6185454545454545,0.6520989074180563,0
ckjm.csv,10,12114,0,0,0,0,0.6,0.4,0.4,0.4000000000000001,0.4000000000000001,-0.2,0.34,0.49993192648059903,0.4,0.4,2.0,3.0,2.0,3.0,0.06149909195971603,0.895492818226845,0.9797687861271677,1,0,0,0,0,0.5,0.6,0.5,0.5454545454545454,0.48,0.0,0.5,0.5068754254594962,0.6,0.4,3.0,2.0,2.0,3.0,0.06149909195971603,0.895492818226845,0.9797687861271677,1,1,0,0,1,0.3,0.8,0.6666666666666666,0.7272727272727272,0.6857142857142857,0.408248290463863,0.7,0.5667801225323349,0.8,0.6,4.0,1.0,3.0,2.0,0.33564470860161794,0.7038137691926697,0.6523335883703137,1
e-learning.csv,64,12114,0,0,0,0,0.421875,0.4,0.07692307692307693,0.12903225806451613,0.4778156996587031,-0.003704593116088124,0.47966101694915253,0.4054410552349546,0.4,0.5932203389830508,2.0,3.0,35.0,24.0,0.0633977216443784,0.8928512464916626,0.9784693323683734,1,0,0,0,0,0.390625,0.4,0.08333333333333333,0.13793103448275862,0.4884488448844884,0.015032920560056576,0.5135593220338983,0.45572959604286906,0.4,0.6271186440677966,2.0,3.0,37.0,22.0,0.0633977216443784,0.8928512464916626,0.9784693323683734,1,0,0,1,1,0.359375,1.0,0.17857142857142858,0.30303030303030304,0.7578947368421052,0.3300891361017462,0.8050847457627118,0.7165704863973617,1.0,0.6101694915254238,5.0,0.0,36.0,23.0,0.0633977216443784,0.8928512464916626,0.9784693323683734,1
forrest-0.7.csv,29,12114,0,0,1,1,0.2413793103448276,1.0,0.4166666666666667,0.5882352941176471,0.8292682926829268,0.5432668671002208,0.8541666666666666,0.8265720081135902,1.0,0.7083333333333334,5.0,0.0,17.0,7.0,0.0629024269440317,0.8953277199933961,0.9769410916951901,1,0,0,0,0,0.4827586206896552,0.6,0.2,0.3,0.5454545454545454,0.07559289460184544,0.55,0.5483975659229209,0.6,0.5,3.0,2.0,12.0,12.0,0.0629024269440317,0.8953277199933961,0.9769410916951901,1,0,0,0,0,0.4482758620689655,0.4,0.16666666666666666,0.23529411764705882,0.47457627118644063,-0.012782749814122842,0.49166666666666664,0.41436105476673424,0.4,0.5833333333333334,2.0,3.0,14.0,10.0,0.0629024269440317,0.8953277199933961,0.9769410916951901,1
ivy-1.1.csv,111,11886,0,0,0,0,0.40540540540540543,0.6190476190476191,0.65,0.6341463414634146,0.5894206549118387,0.18047653230125127,0.5853174603174603,0.5914169859648386,0.6190476190476191,0.5625,39.0,24.0,27.0,21.0,0.06781086993101128,0.8828874305906108,0.9794661190965093,1,0,0,0,0,0.4954954954954955,0.5079365079365079,0.5714285714285714,0.5378151260504201,0.5039370078740157,0.007864026893759719,0.503968253968254,0.49180816984568954,0.5079365079365079,0.5,32.0,31.0,24.0,24.0,0.06781086993101128,0.8828874305906108,0.9794661190965093,1,0,0,0,0,0.40540540540540543,0.6031746031746031,0.6551724137931034,0.628099173553719,0.5930880713489409,0.1849848999363164,0.5932539682539683,0.5893499810398533,0.6031746031746031,0.5833333333333334,38.0,25.0,28.0,20.0,0.06781086993101128,0.8828874305906108,0.9794661190965093,1
ivy-1.4.csv,241,11886,0,0,0,0,0.43568464730290457,0.375,0.0594059405940594,0.10256410256410256,0.45481049562682213,-0.023827197589373947,0.47291666666666665,0.4413151924569038,0.375,0.5777777777777777,6.0,10.0,130.0,95.0,0.06781086993101128,0.8828874305906108,0.9794661190965093,1,0,0,0,1,0.3983402489626556,0.6875,0.10784313725490197,0.18644067796610167,0.638233383849318,0.14263149936866476,0.6415277777777778,0.6063520477009752,0.6875,0.5955555555555555,11.0,5.0,134.0,91.0,0.06781086993101128,0.8828874305906108,0.9794661190965093,1,0,0,0,0,0.5062240663900415,0.625,0.07936507936507936,0.14084507042253522,0.5458187280921383,0.054552012720559824,0.5547222222222222,0.5179943409911278,0.625,0.48444444444444446,10.0,6.0,109.0,116.0,0.403499915867407,0.6651522799932694,0.5848498298564876,0
ivy-2.0.csv,352,11886,0,0,0,1,0.42045454545454547,0.65,0.1625,0.26,0.6076680672268907,0.14054989684903188,0.6065705128205128,0.5349704907199582,0.65,0.5705128205128205,26.0,14.0,178.0,134.0,0.06781086993101128,0.8828874305906108,0.9794661190965093,1,0,0,0,1,0.4403409090909091,0.75,0.17142857142857143,0.2790697674418604,0.6246882793017458,0.181066058472261,0.6426282051282052,0.5629088858252913,0.75,0.5352564102564102,30.0,10.0,167.0,145.0,0.06781086993101128,0.8828874305906108,0.9794661190965093,1,0,0,0,1,0.42613636363636365,0.675,0.16463414634146342,0.2647058823529412,0.6126815352697096,0.1500823648718456,0.617948717948718,0.5326100331552138,0.675,0.5608974358974359,27.0,13.0,175.0,137.0,0.35520780750462727,0.6082786471479051,0.6561989471773462,0
jedit-3.2.csv,272,11518,0,0,0,0,0.4264705882352941,0.7444444444444445,0.41875,0.536,0.590279152643041,0.22319883951440944,0.616971916971917,0.6998019737108683,0.7444444444444445,0.489010989010989,67.0,23.0,89.0,93.0,0.06832783469352319,0.8822712276436881,0.9789980732177264,1,0,0,0,0,0.4632352941176471,0.6666666666666666,0.38461538461538464,0.4878048780487804,0.5530546623794212,0.13243006874579083,0.5695970695970696,0.6143526385257257,0.6666666666666666,0.4725274725274725,60.0,30.0,86.0,96.0,0.06832783469352319,0.8822712276436881,0.9789980732177264,1,0,0,0,0,0.47794117647058826,0.6333333333333333,0.37012987012987014,0.4672131147540984,0.5376165113182423,0.09528916041256019,0.5501831501831502,0.6597085901338597,0.6333333333333333,0.46703296703296704,57.0,33.0,85.0,97.0,0.4064073623893037,0.6193783642993576,0.5890026420079261,0
jedit-4.0.csv,306,11518,0,0,0,0,0.477124183006536,0.64,0.2874251497005988,0.39669421487603307,0.5517241379310344,0.10785847165871755,0.5499278499278499,0.5396342156815354,0.64,0.48484848484848486,48.0,27.0,112.0,119.0,0.06832783469352319,0.8822712276436881,0.9789980732177264,1,0,0,0,0,0.46405228758169936,0.7066666666666667,0.3063583815028902,0.42741935483870974,0.5720536756126021,0.1624282087593414,0.5935930735930736,0.6518871386182149,0.7066666666666667,0.4805194805194805,53.0,22.0,111.0,120.0,0.06832783469352319,0.8822712276436881,0.9789980732177264,1,0,0,0,0,0.5130718954248366,0.5866666666666667,0.25882352941176473,0.3591836734693878,0.5122235157159488,0.03567530340063379,0.5206060606060606,0.6166607045434147,0.5866666666666667,0.45454545454545453,44.0,31.0,105.0,126.0,0.06841465532210453,0.8820975863865255,0.9789940258238582,1
jedit-4.1.csv,312,11518,0,0,0,0,0.46794871794871795,0.7848101265822784,0.32460732984293195,0.45925925925925926,0.56905833553967,0.20629974420349884,0.612484380942033,0.6285581963693526,0.7848101265822784,0.44635193133047213,62.0,17.0,104.0,129.0,0.06832783469352319,0.8822712276436881,0.9789980732177264,1,0,0,0,1,0.40384615384615385,0.7088607594936709,0.3522012578616352,0.47058823529411764,0.6244103267861737,0.2320780947204966,0.6334003368283805,0.6232013516265635,0.7088607594936709,0.5579399141630901,56.0,23.0,130.0,103.0,0.06832783469352319,0.8822712276436881,0.9789980732177264,1,0,0,0,0,0.4967948717948718,0.6582278481012658,0.28888888888888886,0.4015444015444015,0.5350056342168439,0.09582591898202732,0.5544358124626501,0.574888457981988,0.6582278481012658,0.45064377682403434,52.0,27.0,105.0,128.0,0.06841465532210453,0.8820975863865255,0.9789940258238582,1
jedit-4.2.csv,367,11518,0,0,0,0,0.4986376021798365,0.7916666666666666,0.18009478672985782,0.2934362934362934,0.5800313643491898,0.17006558487928192,0.6320859456635318,0.6005241929971554,0.7916666666666666,0.45768025078369906,38.0,10.0,146.0,173.0,0.06832783469352319,0.8822712276436881,0.9789980732177264,1,0,0,0,1,0.46321525885558584,0.8125,0.195,0.31451612903225806,0.6154307116104868,0.20840505369831586,0.6538989028213166,0.5963624819109115,0.8125,0.4952978056426332,39.0,9.0,158.0,161.0,0.06832783469352319,0.8822712276436881,0.9789980732177264,1,0,0,0,0,0.5177111716621253,0.8125,0.17727272727272728,0.291044776119403,0.5645948072383951,0.1686524274302414,0.6225509404388715,0.6299580215955904,0.8125,0.43260188087774293,39.0,9.0,138.0,181.0,0.06841465532210453,0.8820975863865255,0.9789940258238582,1
jedit-4.3.csv,492,11518,0,0,0,0,0.5467479674796748,0.45454545454545453,0.018656716417910446,0.035842293906810034,0.4538829897980429,-0.027381644966980433,0.4411264411264411,0.3677810307579592,0.45454545454545453,0.45322245322245325,5.0,6.0,218.0,263.0,0.06832783469352319,0.8822712276436881,0.9789980732177264,1,0,0,0,0,0.5447154471544715,0.5454545454545454,0.022304832713754646,0.04285714285714286,0.49507948523845574,-3.929167903399515E-4,0.49933849933849933,0.4238499402289229,0.5454545454545454,0.45322245322245325,6.0,5.0,218.0,263.0,0.06832783469352319,0.8822712276436881,0.9789980732177264,1,0,0,0,0,0.5345528455284553,0.45454545454545453,0.019083969465648856,0.03663003663003663,0.46005339905524745,-0.023633552423714222,0.4601209601209601,0.4168135299616853,0.45454545454545453,0.4656964656964657,5.0,6.0,224.0,257.0,0.07718353880882098,0.8709845459281125,0.971716388996513,1
kalkulator.csv,27,12112,0,0,0,0,0.4074074074074074,0.5,0.2727272727272727,0.3529411764705882,0.5531914893617021,0.10072787050317253,0.5476190476190477,0.5555693684733966,0.5,0.6190476190476191,3.0,3.0,13.0,8.0,0.06373844121532364,0.8911822985468957,0.979491833030853,1,0,0,0,0,0.48148148148148145,0.6666666666666666,0.26666666666666666,0.3809523809523809,0.5555555555555556,0.11952286093343938,0.5714285714285714,0.5888032487982763,0.6666666666666666,0.47619047619047616,4.0,2.0,10.0,11.0,0.06373844121532364,0.8911822985468957,0.979491833030853,1,0,0,0,0,0.5555555555555556,0.16666666666666666,0.09090909090909091,0.11764705882352942,0.2528735632183908,-0.2618924633082486,0.34523809523809523,0.3463036631858114,0.16666666666666666,0.5238095238095238,1.0,5.0,11.0,10.0,0.3406538969616909,0.6116248348745046,0.6761591821832785,0
log4j-1.0.csv,135,11604,0,0,0,1,0.37037037037037035,0.6764705882352942,0.3709677419354839,0.47916666666666674,0.6436470322726248,0.2528935413813069,0.6415259172976121,0.5759650372748291,0.6764705882352942,0.6138613861386139,23.0,11.0,62.0,39.0,0.06273698724577732,0.8941744226128922,0.978498679743493,1,0,0,0,1,0.37037037037037035,0.6470588235294118,0.36666666666666664,0.46808510638297873,0.6351970669110908,0.23657919312255815,0.6354105998835178,0.5535250714513845,0.6470588235294118,0.6237623762376238,22.0,12.0,63.0,38.0,0.06273698724577732,0.8941744226128922,0.978498679743493,1,0,0,0,1,0.37777777777777777,0.7352941176470589,0.373134328358209,0.4950495049504951,0.6510704038843523,0.27734134951737033,0.6597262667443214,0.5948494948585031,0.7352941176470589,0.5841584158415841,25.0,9.0,59.0,42.0,0.0645467080317132,0.8931402964495002,0.9757107889286387,1
log4j-1.1.csv,109,11604,0,0,0,1,0.3944954128440367,0.5945945945945946,0.44,0.5057471264367815,0.6027397260273972,0.19548004946253075,0.6006006006006006,0.5276410927930639,0.5945945945945946,0.6111111111111112,22.0,15.0,44.0,28.0,0.06273698724577732,0.8941744226128922,0.978498679743493,1,0,0,0,1,0.3669724770642202,0.6756756756756757,0.4716981132075472,0.5555555555555556,0.6417736289381564,0.2717029163735108,0.6433933933933934,0.5639482395425818,0.6756756756756757,0.6111111111111112,25.0,12.0,44.0,28.0,0.06273698724577732,0.8941744226128922,0.978498679743493,1,0,0,0,0,0.41284403669724773,0.4864864864864865,0.4090909090909091,0.44444444444444453,0.552368245496998,0.1210030563322251,0.5626876876876877,0.500836376551092,0.4864864864864865,0.6388888888888888,18.0,19.0,46.0,26.0,0.06273698724577732,0.8941744226128922,0.978498679743493,1
log4j-1.2.csv,205,11604,0,0,0,0,0.5707317073170731,0.43386243386243384,0.8913043478260869,0.5836298932384341,0.4022894521668029,-0.10308697827183741,0.40492724867724866,0.5567446498032241,0.43386243386243384,0.375,82.0,107.0,6.0,10.0,0.06273698724577732,0.8941744226128922,0.978498679743493,1,0,0,0,0,0.5902439024390244,0.41798941798941797,0.8777777777777778,0.5663082437275986,0.35762788592123135,-0.145678862069874,0.365244708994709,0.5486696705046578,0.41798941798941797,0.3125,79.0,110.0,5.0,11.0,0.06273698724577732,0.8941744226128922,0.978498679743493,1,0,0,0,0,0.5560975609756098,0.4444444444444444,0.9032258064516129,0.5957446808510638,0.4409448818897637,-0.06361021113448279,0.4409722222222222,0.5346500512115451,0.4444444444444444,0.4375,84.0,105.0,7.0,9.0,0.06290934160634264,0.8940020682523268,0.9783100716710675,1
lucene-2.0.csv,195,11248,0,0,0,1,0.3435897435897436,0.6593406593406593,0.625,0.6417112299465241,0.6565819118120373,0.3125270551058903,0.6466081994928149,0.6268605692670837,0.6593406593406593,0.6538461538461539,60.0,31.0,68.0,36.0,0.06605618776671408,0.8885135135135135,0.9773127322511246,1,0,0,0,0,0.4153846153846154,0.6153846153846154,0.5490196078431373,0.5803108808290155,0.5851197982345524,0.17287610594755465,0.5865384615384616,0.5974194198559761,0.6153846153846154,0.5576923076923077,56.0,35.0,58.0,46.0,0.06605618776671408,0.8885135135135135,0.9773127322511246,1,0,0,0,0,0.4666666666666667,0.6153846153846154,0.5,0.5517241379310345,0.5274725274725274,0.0776150525706333,0.5384615384615384,0.5493206690534541,0.6153846153846154,0.46153846153846156,56.0,35.0,48.0,56.0,0.06605618776671408,0.8885135135135135,0.9773127322511246,1
lucene-2.2.csv,247,11248,0,0,0,0,0.43724696356275305,0.5277777777777778,0.6551724137931034,0.5846153846153845,0.5666272189349112,0.1377482320618433,0.5814118122977346,0.5688919126296228,0.5277777777777778,0.6116504854368932,76.0,68.0,63.0,40.0,0.06605618776671408,0.8885135135135135,0.9773127322511246,1,0,0,0,0,0.4777327935222672,0.5069444444444444,0.6083333333333333,0.553030303030303,0.524674324584483,0.049951391982467376,0.525316882416397,0.5818000520852448,0.5069444444444444,0.5436893203883495,73.0,71.0,56.0,47.0,0.06605618776671408,0.8885135135135135,0.9773127322511246,1,0,0,0,0,0.4251012145748988,0.5486111111111112,0.6638655462184874,0.6007604562737644,0.57841826951014,0.1581433221263367,0.5801307982740022,0.6318602210302039,0.5486111111111112,0.6116504854368932,79.0,65.0,63.0,40.0,0.21612731152204837,0.7523115220483642,0.8029986714746631,1
lucene-2.4.csv,340,11248,0,0,0,0,0.4647058823529412,0.5320197044334976,0.631578947368421,0.5775401069518716,0.5360520490978604,0.0707941973941104,0.5308690805796268,0.5801223320824145,0.5320197044334976,0.5401459854014599,108.0,95.0,74.0,63.0,0.06605618776671408,0.8885135135135135,0.9773127322511246,1,0,0,0,0,0.47352941176470587,0.5369458128078818,0.6193181818181818,0.5751978891820579,0.5236248841917442,0.0470129674203385,0.5239473589586854,0.58548708196217,0.5369458128078818,0.5109489051094891,109.0,94.0,70.0,67.0,0.06605618776671408,0.8885135135135135,0.9773127322511246,1,0,0,0,0,0.43529411764705883,0.5862068965517241,0.6502732240437158,0.6165803108808289,0.5582546108861899,0.11713198606348722,0.5595268059400956,0.6250941733475408,0.5862068965517241,0.5328467153284672,119.0,84.0,73.0,64.0,0.06614509246088193,0.8883357041251778,0.9773082942097027,1
nieruchomosci.csv,27,12104,0,0,0,0,0.3333333333333333,0.4,0.5714285714285714,0.47058823529411764,0.5384615384615384,0.24631741494982246,0.6,0.5108750525872948,0.4,0.8235294117647058,4.0,6.0,14.0,3.0,0.06369795109054859,0.8901189689358889,0.9807027125432368,1,1,0,0,1,0.37037037037037035,0.8,0.5,0.6153846153846154,0.6371681415929203,0.3237481030440162,0.6647058823529411,0.6010727808161548,0.8,0.5294117647058824,8.0,2.0,9.0,8.0,0.06369795109054859,0.8901189689358889,0.9807027125432368,1,0,0,0,0,0.4074074074074074,0.6,0.46153846153846156,0.5217391304347826,0.5940594059405941,0.18192392764355278,0.5941176470588235,0.5322675641564997,0.6,0.5882352941176471,6.0,4.0,10.0,7.0,0.3829312623925975,0.6070720423000661,0.6194570898668016,0
pbeans1.csv,26,12064,0,0,0,1,0.3076923076923077,0.65,0.9285714285714286,0.7647058823529412,0.7303370786516855,0.408491223118783,0.7833333333333333,0.6421572146446518,0.65,0.8333333333333334,13.0,7.0,5.0,1.0,0.0634946949602122,0.8917440318302388,0.9794246176256373,1,0,0,0,0,0.46153846153846156,0.45,0.9,0.6,0.5844155844155844,0.24537386440559092,0.6416666666666667,0.5219938980617371,0.45,0.8333333333333334,9.0,11.0,5.0,1.0,0.0634946949602122,0.8917440318302388,0.9794246176256373,1,0,0,0,1,0.4230769230769231,0.5,0.9090909090909091,0.6451612903225806,0.625,0.2842676218074806,0.6666666666666666,0.5257178750897344,0.5,0.8333333333333334,10.0,10.0,5.0,1.0,0.0638262599469496,0.8912466843501327,0.9792349726775956,1
pbeans2.csv,51,12064,0,0,0,0,0.47058823529411764,0.2,0.1111111111111111,0.14285714285714285,0.3012048192771084,-0.1580554413568168,0.4292682926829268,0.6423206611570247,0.2,0.6097560975609756,2.0,8.0,25.0,16.0,0.0634946949602122,0.8917440318302388,0.9794246176256373,1,0,0,0,1,0.37254901960784315,0.6,0.2857142857142857,0.3870967741935483,0.616600790513834,0.1888900275523057,0.6170731707317073,0.5478148760330578,0.6,0.6341463414634146,6.0,4.0,26.0,15.0,0.0634946949602122,0.8917440318302388,0.9794246176256373,1,0,0,0,0,0.47058823529411764,0.4,0.18181818181818182,0.25000000000000006,0.467005076142132,-0.03128367136208553,0.48048780487804876,0.6901090909090909,0.4,0.5609756097560976,4.0,6.0,23.0,18.0,0.42423740053050396,0.6432360742705571,0.5667543090855974,0
pdftranslator.csv,33,12094,1,0,0,1,0.30303030303030304,0.7333333333333333,0.6470588235294118,0.6875,0.6984126984126985,0.3985266984930429,0.7111111111111111,0.633048433048433,0.7333333333333333,0.6666666666666666,11.0,4.0,12.0,6.0,0.06647924590706135,0.8857284603935835,0.9793380874017188,1,0,0,0,1,0.36363636363636365,0.6,0.6,0.6,0.6315789473684211,0.26666666666666666,0.6333333333333333,0.6224227076078928,0.6,0.6666666666666666,9.0,6.0,12.0,6.0,0.06647924590706135,0.8857284603935835,0.9793380874017188,1,1,0,0,1,0.36363636363636365,0.7333333333333333,0.5789473684210527,0.6470588235294117,0.632183908045977,0.29105288084576925,0.6444444444444445,0.5975730716471456,0.7333333333333333,0.5555555555555556,11.0,4.0,10.0,8.0,0.31577641805854145,0.694890028113114,0.6803756476683938,0
poi-1.5.csv,237,10710,1,0,0,1,0.35443037974683544,0.7304964539007093,0.6912751677852349,0.710344827586207,0.6081001298854646,0.2553610563094644,0.6268838652482269,0.6189532443085072,0.7304964539007093,0.5208333333333334,103.0,38.0,50.0,46.0,0.0580765639589169,0.9036414565826331,0.9785642062689586,1,0,0,0,0,0.4641350210970464,0.524822695035461,0.6324786324786325,0.5736434108527131,0.5381079783220142,0.075513048405432,0.5384530141843972,0.5613641260760242,0.524822695035461,0.5520833333333334,74.0,67.0,53.0,43.0,0.0580765639589169,0.9036414565826331,0.9785642062689586,1,0,0,0,0,0.4936708860759494,0.5602836879432624,0.5895522388059702,0.5745454545454546,0.4846988402543958,-0.01251065148763198,0.49368351063829785,0.5472541977657299,0.5602836879432624,0.4270833333333333,79.0,62.0,41.0,55.0,0.4316526610644258,0.6765639589169001,0.5561866748541603,0
poi-2.0.csv,314,10710,0,0,0,0,0.60828025477707,0.6756756756756757,0.12254901960784313,0.20746887966804978,0.4644109563074591,0.019913828843032357,0.5132695872768075,0.5249034976954613,0.6756756756756757,0.35379061371841153,25.0,12.0,98.0,179.0,0.0580765639589169,0.9036414565826331,0.9785642062689586,1,0,0,0,0,0.46178343949044587,0.5675675675675675,0.14,0.22459893048128346,0.5504294695829275,0.06574946124610492,0.550931798224217,0.5023825706119556,0.5675675675675675,0.5342960288808665,21.0,16.0,148.0,129.0,0.0580765639589169,0.9036414565826331,0.9785642062689586,1,0,0,0,0,0.4745222929936306,0.5945945945945946,0.14102564102564102,0.22797927461139897,0.552657004830918,0.07147377853848356,0.5554200409796077,0.6040416241337137,0.5945945945945946,0.516245487364621,22.0,15.0,143.0,134.0,0.3373482726423903,0.6203548085901027,0.6776825785393716,0
poi-2.5.csv,385,10710,0,0,0,1,0.35584415584415585,0.6895161290322581,0.7402597402597403,0.7139874739039666,0.619288385109235,0.24584491484839904,0.6215122439368966,0.6191290772513973,0.6895161290322581,0.5620437956204379,171.0,77.0,77.0,60.0,0.0580765639589169,0.9036414565826331,0.9785642062689586,1,0,0,0,0,0.38441558441558443,0.6653225806451613,0.717391304347826,0.6903765690376569,0.5872321494772744,0.18633485052661197,0.5954350129503179,0.6636288645433941,0.6653225806451613,0.5255474452554745,165.0,83.0,72.0,65.0,0.0580765639589169,0.9036414565826331,0.9785642062689586,1,0,0,0,0,0.4779220779220779,0.5241935483870968,0.6632653061224489,0.5855855855855855,0.5212039076175955,0.0406462232901168,0.5212208617847892,0.5284608764108574,0.5241935483870968,0.5182481751824818,130.0,118.0,71.0,66.0,0.3506069094304388,0.6283846872082166,0.6559454191033138,0
poi-3.0.csv,442,10710,0,0,0,0,0.4841628959276018,0.4626334519572954,0.6735751295336787,0.5485232067510548,0.5257076834199884,0.06920771959135359,0.5196282133463009,0.5518443729785677,0.4626334519572954,0.6086956521739131,130.0,151.0,98.0,63.0,0.0580765639589169,0.9036414565826331,0.9785642062689586,1,0,0,0,0,0.47285067873303166,0.5373665480427047,0.6565217391304348,0.5909980430528377,0.5229658099803604,0.04496721257907268,0.52334165911452,0.5444935617559361,0.5373665480427047,0.5093167701863354,151.0,130.0,82.0,79.0,0.0580765639589169,0.9036414565826331,0.9785642062689586,1,0,0,0,1,0.38009049773755654,0.6014234875444839,0.7511111111111111,0.6679841897233202,0.6257714144655641,0.24411236015795718,0.6267987002939811,0.5790770049173534,0.6014234875444839,0.6521739130434783,169.0,112.0,105.0,56.0,0.05835667600373483,0.9032679738562092,0.9783576051779935,1
redaktor.csv,176,12070,0,0,0,0,0.5738636363636364,0.48148148148148145,0.13,0.20472440944881887,0.4464137358072555,-0.07451014415120316,0.4400944568729804,0.47228782426150867,0.48148148148148145,0.4161073825503356,13.0,14.0,62.0,87.0,0.06354598177299088,0.8924606462303231,0.9785610465116279,1,0,0,0,0,0.6079545454545454,0.5925925925925926,0.14285714285714285,0.2302158273381295,0.4445609436435125,-0.038733729950423124,0.4741486452895849,0.5241221822362175,0.5925925925925926,0.35570469798657717,16.0,11.0,53.0,96.0,0.06354598177299088,0.8924606462303231,0.9785610465116279,1,0,0,0,0,0.5056818181818182,0.5555555555555556,0.16304347826086957,0.25210084033613445,0.5168700646087581,0.027977958739652982,0.5193885160328113,0.6254685859949018,0.5555555555555556,0.48322147651006714,15.0,12.0,72.0,77.0,0.3877381938690969,0.6548467274233637,0.6034509085356543,0
serapion.csv,45,12106,0,0,0,0,0.4444444444444444,0.4444444444444444,0.21052631578947367,0.2857142857142857,0.5045045045045045,0.02249606353329238,0.4675925925925926,0.548299751441113,0.4444444444444444,0.5833333333333334,4.0,5.0,21.0,15.0,0.06385263505699654,0.8903023294234264,0.9801746089487087,1,0,0,0,0,0.5111111111111111,0.6666666666666666,0.23076923076923078,0.3428571428571429,0.5333333333333333,0.08998425413316952,0.5555555555555556,0.4599502882225398,0.6666666666666666,0.4444444444444444,6.0,3.0,16.0,20.0,0.06385263505699654,0.8903023294234264,0.9801746089487087,1,0,0,0,0,0.5111111111111111,0.8888888888888888,0.26666666666666666,0.41025641025641024,0.5410628019323671,0.23570226039551584,0.6388888888888888,0.6836321328467929,0.8888888888888888,0.3888888888888889,8.0,1.0,14.0,22.0,0.29819924004625803,0.6983314059144226,0.7032107802362336,0
skarbonka.csv,45,12106,0,0,0,0,0.4444444444444444,0.5555555555555556,0.23809523809523808,0.33333333333333326,0.5555555555555556,0.0890870806374748,0.5246913580246914,0.6103459238065666,0.5555555555555556,0.5555555555555556,5.0,4.0,20.0,16.0,0.06377003138939369,0.8904675367586321,0.9801782142207675,1,0,0,0,0,0.4666666666666667,0.6666666666666666,0.25,0.36363636363636365,0.5714285714285715,0.1336306209562122,0.5833333333333334,0.6404950429170271,0.6666666666666666,0.5,6.0,3.0,18.0,18.0,0.06377003138939369,0.8904675367586321,0.9801782142207675,1,0,0,0,0,0.4222222222222222,0.5555555555555556,0.25,0.3448275862068966,0.5691056910569106,0.11180339887498948,0.5694444444444444,0.6218052505896008,0.5555555555555556,0.5833333333333334,5.0,4.0,21.0,15.0,0.06377003138939369,0.8904675367586321,0.9801782142207675,1
sklebagd.csv,20,12100,0,0,0,0,0.45,0.6666666666666666,0.6153846153846154,0.64,0.4800000000000001,0.04279604925109129,0.5208333333333334,0.5989464000555439,0.6666666666666666,0.375,8.0,4.0,3.0,5.0,0.06462809917355372,0.8854545454545455,0.9836577304443629,1,0,0,0,1,0.3,0.6666666666666666,0.8,0.7272727272727272,0.7058823529411765,0.408248290463863,0.7083333333333334,0.6915833506908282,0.6666666666666666,0.75,8.0,4.0,6.0,2.0,0.06462809917355372,0.8854545454545455,0.9836577304443629,1,0,0,0,1,0.35,0.6666666666666666,0.7272727272727273,0.6956521739130435,0.6451612903225806,0.28721347895177635,0.6458333333333334,0.6446052905644656,0.6666666666666666,0.625,8.0,4.0,5.0,3.0,0.0647107438016529,0.8854545454545455,0.983477143381678,1
synapse-1.0.csv,157,11800,0,0,0,0,0.42038216560509556,0.5625,0.1323529411764706,0.2142857142857143,0.571871367686943,0.08795577378733216,0.5414450354609929,0.4811974935777269,0.5625,0.5815602836879432,9.0,7.0,82.0,59.0,0.06567796610169492,0.8861016949152543,0.9806790470830988,1,0,0,0,0,0.5222929936305732,0.5,0.0975609756097561,0.163265306122449,0.4872727272727273,-0.015034220704539877,0.4875886524822695,0.4217610914392835,0.5,0.475177304964539,8.0,8.0,67.0,74.0,0.06567796610169492,0.8861016949152543,0.9806790470830988,1,0,0,0,0,0.5605095541401274,0.625,0.10869565217391304,0.18518518518518517,0.5012744265080714,0.026681235494669282,0.5217198581560284,0.4801061410817192,0.625,0.41843971631205673,10.0,6.0,59.0,82.0,0.368135593220339,0.6508474576271186,0.6270411495754409,0
synapse-1.1.csv,222,11800,0,0,0,0,0.43243243243243246,0.48333333333333334,0.30851063829787234,0.37662337662337664,0.5348925651264499,0.07379056697056656,0.520216049382716,0.5096311443115381,0.48333333333333334,0.5987654320987654,29.0,31.0,97.0,65.0,0.06567796610169492,0.8861016949152543,0.9806790470830988,1,0,0,0,0,0.45045045045045046,0.4666666666666667,0.2916666666666667,0.35897435897435903,0.5172955974842768,0.042054339958062,0.5234567901234568,0.5335894283958202,0.4666666666666667,0.5802469135802469,28.0,32.0,94.0,68.0,0.06567796610169492,0.8861016949152543,0.9806790470830988,1,0,0,0,0,0.4864864864864865,0.5166666666666667,0.2818181818181818,0.3647058823529411,0.5144971005798842,0.025769774719257618,0.5145061728395062,0.5232695853623945,0.5166666666666667,0.5123456790123457,31.0,29.0,83.0,79.0,0.06567796610169492,0.8861016949152543,0.9806790470830988,1
synapse-1.2.csv,256,11800,0,0,0,0,0.4140625,0.5465116279069767,0.41228070175438597,0.47,0.574667616334283,0.1448254552431659,0.5557797537619699,0.5498761138882856,0.5465116279069767,0.6058823529411764,47.0,39.0,103.0,67.0,0.06567796610169492,0.8861016949152543,0.9806790470830988,1,0,0,0,0,0.40234375,0.5465116279069767,0.42342342342342343,0.47715736040609136,0.5824856775400443,0.16206228109188764,0.5850205198358414,0.5379143664420782,0.5465116279069767,0.6235294117647059,47.0,39.0,106.0,64.0,0.06567796610169492,0.8861016949152543,0.9806790470830988,1,0,0,0,0,0.48828125,0.5232558139534884,0.3488372093023256,0.4186046511627908,0.5144224378572378,0.02752575228451521,0.5145690834473324,0.5147209302325585,0.5232558139534884,0.5058823529411764,45.0,41.0,86.0,84.0,0.06584745762711865,0.8857627118644068,0.9806717958341152,1
systemdata.csv,65,12106,0,0,0,1,0.3230769230769231,0.5555555555555556,0.22727272727272727,0.3225806451612903,0.618066561014263,0.18392589775129436,0.6656746031746031,0.5555195763083851,0.5555555555555556,0.6964285714285714,5.0,4.0,39.0,17.0,0.06286139104576244,0.8934412687923344,0.9790007241129616,1,0,0,0,0,0.36923076923076925,0.4444444444444444,0.17391304347826086,0.25,0.5314183123877916,0.07595774063744962,0.5525793650793651,0.562794580086206,0.4444444444444444,0.6607142857142857,4.0,5.0,37.0,19.0,0.06286139104576244,0.8934412687923344,0.9790007241129616,1,0,0,0,1,0.4153846153846154,0.6666666666666666,0.2,0.30769230769230765,0.6153846153846153,0.1649572197684645,0.6190476190476191,0.6455972195237786,0.6666666666666666,0.5714285714285714,6.0,3.0,32.0,24.0,0.4497769700974723,0.7231125061952751,0.5373189295359686,1
szybkafucha.csv,25,12096,0,0,0,0,0.48,0.42857142857142855,0.6,0.5,0.5121951219512195,0.0657951694959769,0.6233766233766234,0.6193343305908751,0.42857142857142855,0.6363636363636364,6.0,8.0,7.0,4.0,0.06357473544973545,0.8943452380952381,0.976530059577541,1,0,0,0,0,0.64,0.2857142857142857,0.4,0.3333333333333333,0.3508771929824562,-0.2631806779839076,0.37012987012987014,0.4984667165295438,0.2857142857142857,0.45454545454545453,4.0,10.0,5.0,6.0,0.06357473544973545,0.8943452380952381,0.976530059577541,1,0,0,1,1,0.24,0.6428571428571429,0.9,0.75,0.7531380753138075,0.5592589407158036,0.775974025974026,0.7062827225130889,0.6428571428571429,0.9090909090909091,9.0,5.0,10.0,1.0,0.3070436507936508,0.669808201058201,0.7023231622746186,0
termoproject.csv,42,12098,0,0,0,0,0.4523809523809524,0.38461538461538464,0.3125,0.3448275862068966,0.47493403693931396,0.005050247417681637,0.4708222811671088,0.6398554716311724,0.38461538461538464,0.6206896551724138,5.0,8.0,18.0,11.0,0.06298561745743098,0.8930401719292445,0.9791553380460395,1,0,0,0,1,0.38095238095238093,0.6923076923076923,0.42857142857142855,0.5294117647058824,0.6348547717842323,0.2575131013123024,0.6392572944297082,0.5876273259450829,0.6923076923076923,0.5862068965517241,9.0,4.0,17.0,12.0,0.06298561745743098,0.8930401719292445,0.9791553380460395,1,0,0,0,1,0.30952380952380953,0.6153846153846154,0.5,0.5517241379310345,0.6653465346534654,0.32321583473162474,0.669761273209549,0.6133212581810713,0.6153846153846154,0.7241379310344828,8.0,5.0,21.0,8.0,0.3198875847247479,0.6887088775004133,0.6770680968633187,0
tomcat.csv,858,11970,0,0,0,0,0.48717948717948717,0.7272727272727273,0.12362030905077263,0.21132075471698117,0.5867074102368219,0.12535433099161455,0.5999717312137286,0.5557822948252444,0.7272727272727273,0.49167733674775926,56.0,21.0,384.0,397.0,0.06700083542188805,0.87953216374269,0.9848456501403181,1,0,0,0,0,0.43356643356643354,0.6103896103896104,0.12082262210796915,0.20171673819742492,0.5852503191036733,0.09903125352984253,0.5862447411743187,0.5428288428015712,0.6103896103896104,0.5620998719590269,47.0,30.0,439.0,342.0,0.06700083542188805,0.87953216374269,0.9848456501403181,1,0,0,0,0,0.6235431235431236,0.6623376623376623,0.09107142857142857,0.16012558869701726,0.45650349650349653,0.006368653981462265,0.5053045546003293,0.568250819004127,0.6623376623376623,0.34827144686299616,51.0,26.0,272.0,509.0,0.42046783625730993,0.7089390142021721,0.5631802495354393,1
velocity-1.4.csv,196,11390,0,0,0,0,0.4642857142857143,0.5102040816326531,0.7978723404255319,0.6224066390041494,0.5565862708719851,0.10613237065158376,0.5803831736776344,0.5873357019794361,0.5102040816326531,0.6122448979591837,75.0,72.0,30.0,19.0,0.06488147497805093,0.8881474978050922,0.9802325581395349,1,0,0,0,0,0.5357142857142857,0.47619047619047616,0.7142857142857143,0.5714285714285714,0.4511278195488722,-0.08247860988423225,0.4523809523809524,0.546784312317157,0.47619047619047616,0.42857142857142855,70.0,77.0,21.0,28.0,0.06488147497805093,0.8881474978050922,0.9802325581395349,1,0,0,0,0,0.5255102040816326,0.46938775510204084,0.7340425531914894,0.5726141078838174,0.47937472861485025,-0.03537745688386126,0.47959183673469385,0.6426669907999552,0.46938775510204084,0.4897959183673469,69.0,78.0,24.0,25.0,0.06532045654082529,0.887620719929763,0.9798410544679201,1
velocity-1.5.csv,214,11390,0,0,0,0,0.4252336448598131,0.5985915492957746,0.7142857142857143,0.6513409961685823,0.5609586662035428,0.12017574134743664,0.585093896713615,0.5902969803162511,0.5985915492957746,0.5277777777777778,85.0,57.0,38.0,34.0,0.06488147497805093,0.8881474978050922,0.9802325581395349,1,0,0,0,0,0.5747663551401869,0.38028169014084506,0.6067415730337079,0.4675324675324675,0.4371034784511048,-0.10145345243175122,0.447085289514867,0.465383880407452,0.38028169014084506,0.5138888888888888,54.0,88.0,37.0,35.0,0.06488147497805093,0.8881474978050922,0.9802325581395349,1,0,0,0,0,0.616822429906542,0.33098591549295775,0.5595238095238095,0.415929203539823,0.3938233181709361,-0.1769782380018128,0.40854851330203446,0.7130368822142317,0.33098591549295775,0.4861111111111111,47.0,95.0,35.0,37.0,0.06488147497805093,0.8881474978050922,0.9802325581395349,1
velocity-1.6.csv,229,11390,0,0,0,0,0.4759825327510917,0.5256410256410257,0.36283185840707965,0.4293193717277487,0.5244070266332065,0.046276856805815156,0.5035235184241806,0.5555632012693682,0.5256410256410257,0.5231788079470199,41.0,37.0,79.0,72.0,0.06488147497805093,0.8881474978050922,0.9802325581395349,1,0,0,0,0,0.4672489082969432,0.48717948717948717,0.3619047619047619,0.4153005464480874,0.519446704637917,0.0413455424174599,0.521735438953982,0.5186802778362448,0.48717948717948717,0.5562913907284768,38.0,40.0,84.0,67.0,0.06488147497805093,0.8881474978050922,0.9802325581395349,1,0,0,0,0,0.462882096069869,0.46153846153846156,0.36,0.4044943820224719,0.5125184094256259,0.03602071589522771,0.5188487009679063,0.7176408655307832,0.46153846153846156,0.5761589403973509,36.0,42.0,87.0,64.0,0.0649692712906058,0.8879719051799825,0.9802287264973832,1
workflow.csv,39,12084,0,0,0,0,0.358974358974359,0.45,0.75,0.5625000000000001,0.5865580448065174,0.3163433252262558,0.6157894736842106,0.5305939393939391,0.45,0.8421052631578947,9.0,11.0,16.0,3.0,0.06314134392585237,0.889937106918239,0.9821004566210045,1,0,0,0,0,0.5897435897435898,0.35,0.4117647058823529,0.37837837837837834,0.40255591054313095,-0.17772445998164393,0.4118421052631579,0.5132969696969695,0.35,0.47368421052631576,7.0,13.0,9.0,10.0,0.06314134392585237,0.889937106918239,0.9821004566210045,1,0,0,0,1,0.38461538461538464,0.6,0.631578947368421,0.6153846153846154,0.6153846153846154,0.23157894736842105,0.6157894736842106,0.6002666666666663,0.6,0.631578947368421,12.0,8.0,12.0,7.0,0.06314134392585237,0.889937106918239,0.9821004566210045,1
wspomaganiepi.csv,18,12100,0,0,0,0,0.3888888888888889,0.6666666666666666,0.7272727272727273,0.6956521739130435,0.5714285714285715,0.16116459280507606,0.5833333333333334,0.5636030489592494,0.6666666666666666,0.5,8.0,4.0,3.0,3.0,0.06628099173553718,0.8874380165289256,0.977959927140255,1,1,1,0,1,0.2777777777777778,0.75,0.8181818181818182,0.7826086956521738,0.7058823529411764,0.4029114820126901,0.7083333333333334,0.6790677220756376,0.75,0.6666666666666666,9.0,3.0,4.0,2.0,0.06628099173553718,0.8874380165289256,0.977959927140255,1,0,0,0,1,0.3888888888888889,0.5833333333333334,0.7777777777777778,0.6666666666666666,0.6222222222222223,0.2357022603955158,0.625,0.6584579302257402,0.5833333333333334,0.6666666666666666,7.0,5.0,4.0,2.0,0.06652892561983471,0.8872727272727273,0.9775997086140958,1
xalan-2.4.csv,723,8512,0,0,0,0,0.45504840940525587,0.7,0.2064343163538874,0.3188405797101449,0.5948264307733547,0.15604710741080302,0.6061693608186267,0.560472994804457,0.7,0.5171288743882545,77.0,33.0,317.0,296.0,0.046992481203007516,0.9191729323308271,0.9858870967741935,1,0,0,0,0,0.4536652835408022,0.5727272727272728,0.18313953488372092,0.2775330396475771,0.5567281970747547,0.08221908505101845,0.5571629838350882,0.5077186377206814,0.5727272727272728,0.5415986949429038,63.0,47.0,332.0,281.0,0.046992481203007516,0.9191729323308271,0.9858870967741935,1,0,0,0,0,0.5020746887966805,0.6636363636363637,0.18295739348370926,0.2868369351669941,0.5490375922116381,0.09520666958586728,0.5659127984576598,0.5863465521363773,0.6636363636363637,0.46818923327895595,73.0,37.0,287.0,326.0,0.3194313909774436,0.700187969924812,0.6737508478408321,1
xalan-2.5.csv,803,8512,0,0,0,0,0.4657534246575342,0.5400516795865633,0.5160493827160494,0.5277777777777777,0.5343901815392482,0.06885550461932961,0.5259795517789704,0.6110285553194164,0.5400516795865633,0.5288461538461539,209.0,178.0,220.0,196.0,0.046992481203007516,0.9191729323308271,0.9858870967741935,1,0,0,0,0,0.46201743462017436,0.5555555555555556,0.5193236714975845,0.536828963795256,0.5380609967765931,0.07717722861716139,0.5385950854700855,0.5735589649232813,0.5555555555555556,0.5216346153846154,215.0,172.0,217.0,199.0,0.046992481203007516,0.9191729323308271,0.9858870967741935,1,0,0,0,0,0.44458281444582815,0.524547803617571,0.5398936170212766,0.5321100917431192,0.5527399447585005,0.10883124164463553,0.5543412095010932,0.6394976827589435,0.524547803617571,0.5841346153846154,203.0,184.0,243.0,173.0,0.2917058270676692,0.6917293233082706,0.7154313487241798,0
xalan-2.6.csv,885,8512,0,0,0,0,0.4768361581920904,0.5547445255474452,0.48822269807280516,0.519362186788155,0.5236077925504625,0.05047436014358339,0.5521959407434784,0.6273445098983557,0.5547445255474452,0.4957805907172996,228.0,183.0,235.0,239.0,0.046992481203007516,0.9191729323308271,0.9858870967741935,1,0,0,0,0,0.42033898305084744,0.6155717761557178,0.5417558886509636,0.5763097949886106,0.5801165877362401,0.16393013766840128,0.5820474914533863,0.5665903813460577,0.6155717761557178,0.5485232067510548,253.0,158.0,260.0,214.0,0.046992481203007516,0.9191729323308271,0.9858870967741935,1,0,0,0,0,0.42259887005649716,0.5620437956204379,0.5435294117647059,0.5526315789473685,0.5760239386571909,0.15249284404169483,0.5763805475992485,0.6149590790384009,0.5620437956204379,0.5907172995780591,231.0,180.0,280.0,194.0,0.046992481203007516,0.9191729323308271,0.9858870967741935,1
xalan-2.7.csv,909,8512,0,0,0,1,0.44004400440044006,0.5579064587973274,0.9940476190476191,0.7146932952924393,0.6314296967309964,0.06273495000697568,0.704039279206317,0.6694605680003188,0.5579064587973274,0.7272727272727273,501.0,397.0,8.0,3.0,0.046992481203007516,0.9191729323308271,0.9858870967741935,1,0,0,0,1,0.46094609460946095,0.5356347438752784,0.9958592132505176,0.6965966690803764,0.6474239138562776,0.07752366643822528,0.6769082810285483,0.5603736038537749,0.5356347438752784,0.8181818181818182,481.0,417.0,9.0,2.0,0.046992481203007516,0.9191729323308271,0.9858870967741935,1,0,0,0,0,0.5027502750275028,0.5011135857461024,0.9803921568627451,0.6632277081798084,0.266824785057812,-0.06933853200960814,0.34146588378214215,0.6401141282798919,0.5011135857461024,0.18181818181818182,450.0,448.0,2.0,9.0,0.046992481203007516,0.9191729323308271,0.9858870967741935,1
xerces-1.2.csv,440,10816,0,0,0,0,0.48863636363636365,0.3380281690140845,0.125,0.18250950570342206,0.41717473083409,-0.08697659449027316,0.43528378945761287,0.40921580318941286,0.3380281690140845,0.5447154471544715,24.0,47.0,201.0,168.0,0.05103550295857988,0.9119822485207101,0.9848242811501597,1,0,0,0,0,0.43863636363636366,0.30985915492957744,0.13253012048192772,0.18565400843881857,0.4109077325364214,-0.06100798539759186,0.45980762624527655,0.49267862818843566,0.30985915492957744,0.6097560975609756,22.0,49.0,225.0,144.0,0.05103550295857988,0.9119822485207101,0.9848242811501597,1,0,0,0,0,0.4590909090909091,0.4084507042253521,0.15343915343915343,0.2230769230769231,0.4746280344557557,-0.018692840243160494,0.48742318409099583,0.4167796789149125,0.4084507042253521,0.5663956639566395,29.0,42.0,209.0,160.0,0.31490384615384615,0.6538461538461539,0.6974358974358974,0
xerces-1.3.csv,453,10816,0,0,0,1,0.3841059602649007,0.6086956521739131,0.2222222222222222,0.3255813953488372,0.6129121640343586,0.16460428311821287,0.6040534420289855,0.5740157360800139,0.6086956521739131,0.6171875,42.0,27.0,237.0,147.0,0.05103550295857988,0.9119822485207101,0.9848242811501597,1,0,0,0,1,0.3355408388520971,0.6231884057971014,0.25443786982248523,0.36134453781512604,0.6466165413533834,0.21923151558110487,0.6475317028985508,0.6478884050598662,0.6231884057971014,0.671875,43.0,26.0,258.0,126.0,0.05103550295857988,0.9119822485207101,0.9848242811501597,1,0,0,0,0,0.41280353200883,0.5507246376811594,0.1958762886597938,0.2889733840304183,0.5714285714285714,0.10491341517378559,0.5722373188405797,0.5474305816659888,0.5507246376811594,0.59375,38.0,31.0,228.0,156.0,0.3147189349112426,0.652551775147929,0.6982588049070043,0
xerces-1.4.csv,588,10816,0,0,0,0,0.46938775510204084,0.45537757437070936,0.8396624472573839,0.5905044510385756,0.5662092408409921,0.1814426061577847,0.5856153484777304,0.5386069943979847,0.45537757437070936,0.7483443708609272,199.0,238.0,113.0,38.0,0.05122041420118343,0.911612426035503,0.9848182181382341,1,0,0,0,0,0.4370748299319728,0.45537757437070936,0.9128440366972477,0.6076335877862595,0.5988168648057173,0.2980719321321161,0.6647748799005865,0.5918068467052622,0.45537757437070936,0.8741721854304636,199.0,238.0,132.0,19.0,0.05103550295857988,0.9119822485207101,0.9848242811501597,1,0,0,0,1,0.41836734693877553,0.4897025171624714,0.9029535864978903,0.6350148367952522,0.6207818696883852,0.300487743873448,0.6686923181838847,0.5825068732549421,0.4897025171624714,0.847682119205298,214.0,223.0,128.0,23.0,0.052144970414201186,0.9097633136094675,0.9847878302642114,1
xerces-init.csv,162,10816,0,0,0,0,0.5246913580246914,0.4155844155844156,0.4444444444444444,0.42953020134228187,0.46564268391269203,-0.05527899928227821,0.49518716577540106,0.5506095240767525,0.4155844155844156,0.5294117647058824,32.0,45.0,45.0,40.0,0.05122041420118343,0.911612426035503,0.9848182181382341,1,0,0,0,0,0.5246913580246914,0.4675324675324675,0.45,0.45859872611464964,0.4748270870194627,-0.0500572628551851,0.47494270435446906,0.5883316731770181,0.4675324675324675,0.4823529411764706,36.0,41.0,41.0,44.0,0.05103550295857988,0.9119822485207101,0.9848242811501597,1,0,0,0,0,0.5185185185185185,0.37662337662337664,0.4461538461538462,0.4084507042253521,0.45559474190445653,-0.04779043730954554,0.47654698242933535,0.49899331251433393,0.37662337662337664,0.5764705882352941,29.0,48.0,49.0,36.0,0.05103550295857988,0.9119822485207101,0.9848242811501597,1
zuzel.csv,29,12098,1,0,0,1,0.3103448275862069,0.7692307692307693,0.625,0.6896551724137931,0.6896551724137931,0.3942307692307692,0.7139423076923077,0.5926613432334256,0.7692307692307693,0.625,10.0,3.0,10.0,6.0,0.06232435113241858,0.8903951066291949,0.9833850648165053,1,0,0,0,0,0.5172413793103449,0.6153846153846154,0.4444444444444444,0.5161290322580646,0.46601941747572817,-0.009855206599818044,0.4951923076923077,0.5772137854517717,0.6153846153846154,0.375,8.0,5.0,6.0,10.0,0.06232435113241858,0.8903951066291949,0.9833850648165053,1,0,0,0,0,0.41379310344827586,0.38461538461538464,0.5555555555555556,0.4545454545454546,0.5084745762711865,0.14470719035407653,0.5673076923076923,0.6428979106324644,0.38461538461538464,0.75,5.0,8.0,12.0,4.0,0.06240700942304513,0.8903951066291949,0.9832055494706097,1
