version,size_test,size_training,succHe_SMORBF,succZi_SMORBF,succG75_SMORBF,succG60_SMORBF,error_SMORBF,recall_SMORBF,precision_SMORBF,fscore_SMORBF,gscore_SMORBF,mcc_SMORBF,auc_SMORBF,aucec_SMORBF,tpr_SMORBF,tnr_SMORBF,tp_SMORBF,fn_SMORBF,tn_SMORBF,fp_SMORBF,trainerror_SMORBF,trainrecall_SMORBF,trainprecision_SMORBF,trainsuccHe_SMORBF,succHe_SMORBFLocalEM,succZi_SMORBFLocalEM,succG75_SMORBFLocalEM,succG60_SMORBFLocalEM,error_SMORBFLocalEM,recall_SMORBFLocalEM,precision_SMORBFLocalEM,fscore_SMORBFLocalEM,gscore_SMORBFLocalEM,mcc_SMORBFLocalEM,auc_SMORBFLocalEM,aucec_SMORBFLocalEM,tpr_SMORBFLocalEM,tnr_SMORBFLocalEM,tp_SMORBFLocalEM,fn_SMORBFLocalEM,tn_SMORBFLocalEM,fp_SMORBFLocalEM,trainerror_SMORBFLocalEM,trainrecall_SMORBFLocalEM,trainprecision_SMORBFLocalEM,trainsuccHe_SMORBFLocalEM,succHe_SMORBFLocalFQ,succZi_SMORBFLocalFQ,succG75_SMORBFLocalFQ,succG60_SMORBFLocalFQ,error_SMORBFLocalFQ,recall_SMORBFLocalFQ,precision_SMORBFLocalFQ,fscore_SMORBFLocalFQ,gscore_SMORBFLocalFQ,mcc_SMORBFLocalFQ,auc_SMORBFLocalFQ,aucec_SMORBFLocalFQ,tpr_SMORBFLocalFQ,tnr_SMORBFLocalFQ,tp_SMORBFLocalFQ,fn_SMORBFLocalFQ,tn_SMORBFLocalFQ,fp_SMORBFLocalFQ,trainerror_SMORBFLocalFQ,trainrecall_SMORBFLocalFQ,trainprecision_SMORBFLocalFQ,trainsuccHe_SMORBFLocalFQ
pdftranslator.csv,33,269,0,0,0,0,0.5454545454545454,1.0,0.45454545454545453,0.625,0.0,NaN,0.5,0.7411733670992929,1.0,0.0,15.0,0.0,0.0,18.0,0.4312267657992565,1.0,0.5687732342007435,1,1,0,0,1,0.36363636363636365,0.8,0.5714285714285714,0.6666666666666666,0.6153846153846154,0.3105295017040594,0.65,0.5980162498681016,0.8,0.5,12.0,3.0,9.0,9.0,0.379182156133829,0.6274509803921569,0.6808510638297872,0,1,0,0,1,0.30303030303030304,0.9333333333333333,0.6086956521739131,0.7368421052631579,0.6511627906976745,0.46950482703449986,0.7166666666666667,0.7085470085470085,0.9333333333333333,0.5,14.0,1.0,9.0,9.0,0.3903345724907063,0.7189542483660131,0.6395348837209303,1
kalkulator.csv,27,186,0,0,0,0,0.3333333333333333,0.16666666666666666,0.2,0.1818181818181818,0.2764227642276423,-0.025482359571881278,0.4880952380952381,0.508743576993204,0.16666666666666666,0.8095238095238095,1.0,5.0,17.0,4.0,0.43010752688172044,0.16129032258064516,0.8823529411764706,0,0,0,0,0,0.3333333333333333,0.16666666666666666,0.2,0.1818181818181818,0.2764227642276423,-0.025482359571881278,0.4880952380952381,0.508743576993204,0.16666666666666666,0.8095238095238095,1.0,5.0,17.0,4.0,0.43010752688172044,0.16129032258064516,0.8823529411764706,0,0,0,0,0,0.48148148148148145,0.6666666666666666,0.26666666666666666,0.3809523809523809,0.5555555555555556,0.11952286093343938,0.5714285714285714,0.5362174705784851,0.6666666666666666,0.47619047619047616,4.0,2.0,10.0,11.0,0.3924731182795699,0.5376344086021505,0.625,0
e-learning.csv,64,336,0,0,0,0,0.0625,0.2,1.0,0.33333333333333337,0.33333333333333337,0.4327835340000672,0.6,0.5377301456444078,0.2,1.0,1.0,4.0,59.0,0.0,0.4791666666666667,0.041666666666666664,1.0,0,0,0,0,0,0.328125,0.2,0.05555555555555555,0.08695652173913045,0.31226765799256506,-0.05260744036998166,0.4559322033898305,0.381753228909041,0.2,0.711864406779661,1.0,4.0,42.0,17.0,0.4107142857142857,0.40476190476190477,0.6415094339622641,0,0,0,0,0,0.609375,0.8,0.09523809523809523,0.1702127659574468,0.49266862170087977,0.08810708603918437,0.5779661016949152,0.4961253091508657,0.8,0.3559322033898305,4.0,1.0,21.0,38.0,0.4523809523809524,0.7261904761904762,0.5350877192982456,1
workflow.csv,39,256,1,0,0,0,0.48717948717948717,1.0,0.5128205128205128,0.6779661016949152,0.0,NaN,0.5,0.7261212121212117,1.0,0.0,20.0,0.0,0.0,19.0,0.453125,1.0,0.546875,1,0,0,0,0,0.5384615384615384,0.6,0.48,0.5333333333333332,0.41379310344827586,-0.08774535953713308,0.45789473684210524,0.5523393939393935,0.6,0.3157894736842105,12.0,8.0,6.0,13.0,0.34375,0.7928571428571428,0.6529411764705882,1,1,0,0,0,0.48717948717948717,0.95,0.5135135135135135,0.6666666666666667,0.09973753280839905,0.005963378041608701,0.5013157894736842,0.7146666666666663,0.95,0.05263157894736842,19.0,1.0,1.0,18.0,0.44921875,0.9428571428571428,0.5523012552301255,1
skarbonka.csv,45,358,0,0,0,0,0.8,1.0,0.2,0.33333333333333337,0.0,NaN,0.5,0.729079335506909,1.0,0.0,9.0,0.0,0.0,36.0,0.44692737430167595,1.0,0.553072625698324,1,0,0,0,1,0.4222222222222222,1.0,0.32142857142857145,0.4864864864864865,0.6415094339622641,0.3895968612369898,0.7361111111111112,0.7551252763176378,1.0,0.4722222222222222,9.0,0.0,17.0,19.0,0.4106145251396648,0.6414141414141414,0.625615763546798,0,0,0,0,0,0.5777777777777777,0.8888888888888888,0.24242424242424243,0.38095238095238093,0.4547803617571059,0.17588161767036212,0.5972222222222222,0.6838778361833787,0.8888888888888888,0.3055555555555556,8.0,1.0,11.0,25.0,0.3715083798882682,0.7222222222222222,0.6470588235294118,1
redaktor.csv,176,747,0,0,0,0,0.7613636363636364,0.6296296296296297,0.12056737588652482,0.20238095238095238,0.26496259351620943,-0.18291065879297688,0.39870743226447924,0.4455115709501674,0.6296296296296297,0.16778523489932887,17.0,10.0,25.0,124.0,0.36947791164658633,0.8288508557457213,0.6220183486238532,1,0,0,0,0,0.6590909090909091,0.4444444444444444,0.10619469026548672,0.17142857142857146,0.37354085603112835,-0.1754611936520063,0.3832960477255779,0.30697318438546517,0.4444444444444444,0.3221476510067114,12.0,15.0,48.0,101.0,0.3654618473895582,0.7750611246943765,0.6365461847389559,1,0,0,0,0,0.7386363636363636,0.4074074074074074,0.088,0.14473684210526316,0.2979876160990712,-0.28414870630725514,0.3211533681332339,0.30403108911880844,0.4074074074074074,0.2348993288590604,11.0,16.0,35.0,114.0,0.42704149933065594,0.8753056234718827,0.5718849840255591,1
termoproject.csv,42,328,0,0,0,0,0.35714285714285715,0.46153846153846156,0.42857142857142855,0.4444444444444445,0.5637583892617449,0.18208926018230745,0.5928381962864722,0.4516884984174703,0.46153846153846156,0.7241379310344828,6.0,7.0,21.0,8.0,0.4176829268292683,0.30303030303030304,0.6944444444444444,0,0,0,0,1,0.38095238095238093,0.9230769230769231,0.4444444444444444,0.6,0.6339622641509435,0.3915554237491469,0.7029177718832891,0.6745777586899079,0.9230769230769231,0.4827586206896552,12.0,1.0,14.0,15.0,0.39939024390243905,0.5696969696969697,0.6103896103896104,0,0,0,0,0,0.6666666666666666,0.8461538461538461,0.2972972972972973,0.44000000000000006,0.1843575418994413,-0.07194441103690095,0.47480106100795755,0.5925383028186765,0.8461538461538461,0.10344827586206896,11.0,2.0,3.0,26.0,0.49390243902439024,0.7636363636363637,0.5060240963855421,1
velocity-1.4.csv,196,1353,0,0,0,0,0.5459183673469388,0.48299319727891155,0.696078431372549,0.570281124497992,0.4173061224489795,-0.12971734190749126,0.42517006802721086,0.4741164967137435,0.48299319727891155,0.3673469387755102,71.0,76.0,18.0,31.0,0.3998521803399852,0.6774193548387096,0.6083123425692695,0,0,0,0,0,0.4897959183673469,0.6190476190476191,0.6946564885496184,0.6546762589928059,0.2832929782082324,-0.18144501644023261,0.4013605442176871,0.5434668133685513,0.6190476190476191,0.1836734693877551,91.0,56.0,9.0,40.0,0.402069475240207,0.7573632538569425,0.5927552140504939,1,0,0,0,0,0.4846938775510204,0.6054421768707483,0.7063492063492064,0.6520146520146519,0.34873469387755107,-0.1352470374866082,0.42517006802721086,0.578606597822545,0.6054421768707483,0.24489795918367346,89.0,58.0,12.0,37.0,0.401330376940133,0.791023842917251,0.5887265135699373,1
velocity-1.5.csv,214,1425,0,0,0,1,0.3644859813084112,0.6126760563380281,0.7909090909090909,0.6904761904761905,0.6448343669641506,0.2772095551248763,0.6466158059467919,0.5624511828881497,0.6126760563380281,0.6805555555555556,87.0,55.0,49.0,23.0,0.3936842105263158,0.69826435246996,0.6095571095571095,0,0,0,0,1,0.34579439252336447,0.6408450704225352,0.7982456140350878,0.7109375000000001,0.6601036269430053,0.30437201051725554,0.6607003129890454,0.5772355288654075,0.6408450704225352,0.6805555555555556,91.0,51.0,49.0,23.0,0.3873684210526316,0.7102803738317757,0.6136101499423299,1,0,0,0,1,0.3644859813084112,0.6830985915492958,0.7461538461538462,0.7132352941176471,0.6042165788212747,0.21748448712736143,0.6123826291079812,0.6130333306740954,0.6830985915492958,0.5416666666666666,97.0,45.0,39.0,33.0,0.3936842105263158,0.7716955941255007,0.5971074380165289,1
velocity-1.6.csv,229,1491,0,0,0,1,0.40611353711790393,0.7307692307692307,0.4418604651162791,0.5507246376811594,0.6097907779809061,0.24265306586177046,0.6269740193581254,0.6227002142598856,0.7307692307692307,0.5231788079470199,57.0,21.0,79.0,72.0,0.38363514419852446,0.7245657568238213,0.6252676659528907,1,0,0,0,1,0.4104803493449782,0.7307692307692307,0.43846153846153846,0.5480769230769231,0.6052685317541351,0.2366003791162998,0.6236627610799796,0.6243285264280847,0.7307692307692307,0.5165562913907285,57.0,21.0,78.0,73.0,0.3843058350100604,0.7233250620347395,0.62486602357985,1,0,0,0,0,0.5458515283842795,0.8205128205128205,0.3657142857142857,0.5059288537549408,0.4005006257822278,0.09535562158209789,0.5427067413822381,0.7517335531700924,0.8205128205128205,0.26490066225165565,64.0,14.0,40.0,111.0,0.42655935613682094,0.794044665012407,0.5765765765765766,1
xalan-2.6.csv,885,3280,1,0,0,0,0.43050847457627117,0.7664233576642335,0.525,0.6231454005934718,0.5245628642797668,0.17628299425310112,0.5825787674397117,0.6086884874960363,0.7664233576642335,0.3987341772151899,315.0,96.0,189.0,285.0,0.3902439024390244,0.8231106243154436,0.6109756097560975,1,1,0,0,0,0.3638418079096045,0.8491484184914841,0.5730706075533661,0.684313725490196,0.5895177204199227,0.32364752783625184,0.6503126058702147,0.6176015720993836,0.8491484184914841,0.45147679324894513,349.0,62.0,214.0,260.0,0.39664634146341465,0.708105147864184,0.6273653566229985,1,0,0,0,0,0.5028248587570622,0.7858880778588808,0.475,0.5921173235563704,0.37567660259755753,0.03868465432234236,0.5163617604484277,0.6531566192949312,0.7858880778588808,0.2468354430379747,323.0,88.0,117.0,357.0,0.41067073170731705,0.78039430449069,0.6010122311261071,1
xalan-2.4.csv,723,3180,0,0,0,0,0.598893499308437,0.9090909090909091,0.19120458891013384,0.315955766192733,0.4622871046228711,0.17586850556658823,0.6095209847248999,0.5885269518830599,0.9090909090909091,0.3099510603588907,100.0,10.0,190.0,423.0,0.379559748427673,0.8498331479421579,0.6198782961460446,1,0,0,0,0,0.5892116182572614,0.9454545454545454,0.1984732824427481,0.3280757097791798,0.4723823868583935,0.20931861317713468,0.630149784962183,0.6019202994545977,0.9454545454545454,0.31484502446982054,104.0,6.0,193.0,420.0,0.38616352201257864,0.8331479421579533,0.6174773289365211,1,0,0,0,0,0.6168741355463347,0.8818181818181818,0.1830188679245283,0.3031249999999999,0.44056976318744395,0.142455192924506,0.5877280142369865,0.5853158441466138,0.8818181818181818,0.2936378466557912,97.0,13.0,180.0,433.0,0.3867924528301887,0.7508342602892102,0.6332082551594747,1
xalan-2.7.csv,909,3220,1,1,1,1,0.25742574257425743,0.7416481069042317,0.9970059880239521,0.8505747126436781,0.7780373831775702,0.13867362483524956,0.779914962543025,0.6514331308461104,0.7416481069042317,0.8181818181818182,666.0,232.0,9.0,2.0,0.37577639751552794,0.8550247116968699,0.6220535357570914,1,1,1,0,1,0.297029702970297,0.7026726057906458,0.9952681388012619,0.8237597911227155,0.7147610619469026,0.10233796440767269,0.7149726665316866,0.5770045264504272,0.7026726057906458,0.7272727272727273,631.0,267.0,8.0,3.0,0.39254658385093166,0.7331136738056013,0.63180312352106,1,1,1,0,0,0.1188118811881188,0.89086859688196,0.9876543209876543,0.9367681498829039,0.16498247061249746,-0.006395549836259504,0.4908888438955254,0.7444882462142492,0.89086859688196,0.09090909090909091,800.0,98.0,1.0,10.0,0.41366459627329194,0.9264140582097748,0.5847487001733103,1
xalan-2.5.csv,803,3348,0,0,0,0,0.49066002490660027,0.6873385012919897,0.4935064935064935,0.5745140388768899,0.4582974391103454,0.03306782175297686,0.5155442506459949,0.6227994685915895,0.6873385012919897,0.34375,266.0,121.0,143.0,273.0,0.39157706093189965,0.8249865374259558,0.6084193804606831,1,1,0,0,0,0.44084682440846823,0.7906976744186046,0.5284974093264249,0.6335403726708074,0.47918001281229977,0.14979321817057073,0.5672238372093024,0.6922556734221715,0.7906976744186046,0.34375,306.0,81.0,143.0,273.0,0.40232974910394265,0.7792137856758212,0.6069630872483222,1,1,0,0,0,0.47820672478206727,0.7622739018087855,0.5025553662691652,0.6057494866529775,0.4285680811678422,0.0680047787677064,0.5301754124428543,0.6220864289636233,0.7622739018087855,0.2980769230769231,295.0,92.0,124.0,292.0,0.40830346475507767,0.8368336025848142,0.5935828877005348,1
forrest-0.7.csv,29,232,0,0,0,0,0.8275862068965517,1.0,0.1724137931034483,0.29411764705882354,0.0,NaN,0.5,0.5352941176470588,1.0,0.0,5.0,0.0,0.0,24.0,0.49137931034482757,1.0,0.5086206896551724,1,0,0,0,1,0.3793103448275862,0.6,0.25,0.35294117647058826,0.6122448979591836,0.17256712249065836,0.6125,0.5228803245436104,0.6,0.625,3.0,2.0,15.0,9.0,0.4396551724137931,0.5084745762711864,0.5769230769230769,0,0,0,0,0,0.6896551724137931,0.6,0.14285714285714285,0.23076923076923073,0.35294117647058826,-0.1267731382092775,0.425,0.514523326572008,0.6,0.25,3.0,2.0,6.0,18.0,0.43103448275862066,0.711864406779661,0.56,1
szybkafucha.csv,25,167,1,0,0,0,0.44,1.0,0.56,0.717948717948718,0.0,NaN,0.5,0.7067688855646971,1.0,0.0,14.0,0.0,0.0,11.0,0.46706586826347307,1.0,0.5329341317365269,1,1,0,0,0,0.44,1.0,0.56,0.717948717948718,0.0,NaN,0.5,0.7067688855646971,1.0,0.0,14.0,0.0,0.0,11.0,0.46706586826347307,1.0,0.5329341317365269,1,0,0,0,0,0.56,0.2857142857142857,0.5,0.36363636363636365,0.39436619718309857,-0.08291849892341732,0.461038961038961,0.6273747195213164,0.2857142857142857,0.6363636363636364,4.0,10.0,7.0,4.0,0.5209580838323353,0.2808988764044944,0.5208333333333334,0
ivy-1.4.csv,241,1708,0,0,0,0,0.6929460580912863,0.875,0.0782122905027933,0.14358974358974358,0.40875912408759135,0.08068569894831076,0.5708333333333333,0.5520295685321995,0.875,0.26666666666666666,14.0,2.0,60.0,165.0,0.4057377049180328,0.7712765957446809,0.6026600166251039,1,0,0,0,0,0.6763485477178424,0.875,0.08,0.14659685863874347,0.4293243890752277,0.08901632279478705,0.5797222222222222,0.5493972017002324,0.875,0.28444444444444444,14.0,2.0,64.0,161.0,0.3788056206088993,0.7776595744680851,0.6253207869974337,1,0,0,0,0,0.6763485477178424,0.875,0.08,0.14659685863874347,0.4293243890752277,0.08901632279478705,0.5797222222222222,0.5919272678203964,0.875,0.28444444444444444,14.0,2.0,64.0,161.0,0.4016393442622951,0.7925531914893617,0.6027508090614887,1
ivy-1.1.csv,111,870,1,0,0,0,0.43243243243243246,1.0,0.5675675675675675,0.7241379310344828,0.0,NaN,0.5,0.7858416560233938,1.0,0.0,63.0,0.0,0.0,48.0,0.42298850574712643,1.0,0.5770114942528736,1,1,0,0,0,0.3963963963963964,0.8412698412698413,0.6091954022988506,0.7066666666666668,0.4331582019848219,0.15998155453793309,0.566468253968254,0.6495973004473659,0.8412698412698413,0.2916666666666667,53.0,10.0,14.0,34.0,0.37701149425287356,0.848605577689243,0.6283185840707964,1,1,0,0,0,0.40540540540540543,0.8095238095238095,0.6071428571428571,0.6938775510204083,0.4509283819628647,0.1409009585522301,0.5610119047619048,0.6530014028181989,0.8095238095238095,0.3125,51.0,12.0,15.0,33.0,0.3839080459770115,0.8087649402390438,0.6304347826086957,1
ivy-2.0.csv,352,2326,0,0,0,0,0.6164772727272727,0.975,0.15294117647058825,0.264406779661017,0.46776611694152925,0.20080074808151857,0.6413461538461539,0.5785191810320285,0.975,0.3076923076923077,39.0,1.0,96.0,216.0,0.38564058469475493,0.8122634367903103,0.6231126596980255,1,0,0,0,0,0.6164772727272727,0.925,0.14741035856573706,0.2542955326460481,0.4689601655457838,0.1677621481409439,0.6195512820512821,0.5331885403730239,0.925,0.3141025641025641,37.0,3.0,98.0,214.0,0.39079965606190886,0.7880393641180924,0.6233532934131737,1,0,0,0,0,0.5681818181818182,0.9,0.15517241379310345,0.2647058823529411,0.5262096774193549,0.18197592492736034,0.6358974358974359,0.5495542275746566,0.9,0.3717948717948718,36.0,4.0,116.0,196.0,0.39724849527085127,0.744890234670704,0.6263526416295353,1
arc.csv,234,1210,0,0,0,0,0.6068376068376068,0.7407407407407407,0.12903225806451613,0.21978021978021978,0.47337278106508873,0.05983547588145669,0.5442834138486312,0.46430183613515896,0.7407407407407407,0.34782608695652173,20.0,7.0,72.0,135.0,0.4,0.7174887892376681,0.6193548387096774,1,0,0,0,0,0.5641025641025641,0.6666666666666666,0.1276595744680851,0.21428571428571427,0.5045045045045046,0.04730825595112905,0.5362318840579711,0.40065159282184337,0.6666666666666666,0.4057971014492754,18.0,9.0,84.0,123.0,0.4090909090909091,0.672645739910314,0.6198347107438017,0,0,0,0,0,0.6666666666666666,0.5925925925925926,0.09937888198757763,0.1702127659574468,0.39791415964701166,-0.07440050600869434,0.44605475040257647,0.47994171824814424,0.5925925925925926,0.2995169082125604,16.0,11.0,62.0,145.0,0.456198347107438,0.7713004484304933,0.5639344262295082,1
lucene-2.2.csv,247,1658,1,0,0,0,0.3522267206477733,0.8472222222222222,0.6524064171122995,0.7371601208459215,0.5140259452267435,0.24852336834236932,0.6080771305285868,0.6606029085589342,0.8472222222222222,0.36893203883495146,122.0,22.0,38.0,65.0,0.4083232810615199,0.7966850828729282,0.5939044481054365,1,1,0,0,0,0.3360323886639676,0.8541666666666666,0.6648648648648648,0.7477203647416413,0.543046357615894,0.2868178267916477,0.6261124595469255,0.6633691725262565,0.8541666666666666,0.39805825242718446,123.0,21.0,41.0,62.0,0.4131483715319662,0.7790055248618785,0.592436974789916,1,0,0,0,0,0.46153846153846156,0.4652777777777778,0.6442307692307693,0.5403225806451613,0.5391039317281316,0.10591175775852019,0.553027238403452,0.46779585030910276,0.4652777777777778,0.6407766990291263,67.0,77.0,66.0,37.0,0.425211097708082,0.5005524861878453,0.6416430594900849,0
lucene-2.0.csv,195,1371,0,0,0,0,0.5128205128205128,0.989010989010989,0.47619047619047616,0.6428571428571428,0.09169638308711166,0.10714285714285714,0.5185439560439561,0.7127545156243078,0.989010989010989,0.04807692307692308,90.0,1.0,5.0,99.0,0.4179431072210066,0.979002624671916,0.5725249424405219,1,0,0,0,0,0.4153846153846154,0.6373626373626373,0.5471698113207547,0.5888324873096447,0.5837526959022287,0.17610351324940088,0.5879120879120879,0.500135092988283,0.6373626373626373,0.5384615384615384,58.0,33.0,56.0,48.0,0.3690736688548505,0.6797900262467191,0.6641025641025641,0,0,0,0,0,0.4717948717948718,0.8241758241758241,0.4966887417218543,0.6198347107438017,0.4058755315036722,0.11148080274922569,0.5467032967032966,0.6135228515653847,0.8241758241758241,0.2692307692307692,75.0,16.0,28.0,76.0,0.41210795040116704,0.8490813648293963,0.5897903372835005,1
lucene-2.4.csv,340,2159,1,0,0,0,0.40294117647058825,1.0,0.5970588235294118,0.7476979742173112,0.0,NaN,0.5,0.7926081985971808,1.0,0.0,203.0,0.0,0.0,137.0,0.4298286243631311,1.0,0.5701713756368689,1,1,0,0,0,0.3735294117647059,0.9605911330049262,0.6210191082802548,0.7543520309477757,0.2311567717079916,0.16976210025916952,0.5459889971593974,0.7568397831131121,0.9605911330049262,0.13138686131386862,195.0,8.0,18.0,119.0,0.4117647058823529,0.90089358245329,0.5911513859275054,1,1,0,0,0,0.38823529411764707,0.8719211822660099,0.6254416961130742,0.7283950617283951,0.3593084932224477,0.1289385411036673,0.5490992772643918,0.729045601044464,0.8719211822660099,0.22627737226277372,177.0,26.0,31.0,106.0,0.4187123668364984,0.8683996750609261,0.590281612368857,1
camel-1.6.csv,965,3446,0,0,0,0,0.5595854922279793,0.7819148936170213,0.22755417956656346,0.3525179856115108,0.4909330081750089,0.11761917528637168,0.5698506257016895,0.5811095522138061,0.7819148936170213,0.3577863577863578,147.0,41.0,278.0,499.0,0.403946604759141,0.7396386822529224,0.6068003487358327,1,0,0,0,0,0.505699481865285,0.6968085106382979,0.23309608540925267,0.34933333333333333,0.5433632031648036,0.1141290793695529,0.5710554779703716,0.5246157725904446,0.6968085106382979,0.4453024453024453,131.0,57.0,346.0,431.0,0.381601857225769,0.6950053134962806,0.6383601756954612,0,0,0,0,0,0.5253886010362694,0.6861702127659575,0.22357019064124783,0.33725490196078434,0.5236881882962643,0.0885260325968357,0.5547968180946904,0.5269714326579888,0.6861702127659575,0.42342342342342343,129.0,59.0,329.0,448.0,0.3911781775972142,0.7088204038257173,0.6251171508903468,1
camel-1.4.csv,872,3331,0,0,0,0,0.551605504587156,0.7517241379310344,0.1967509025270758,0.31187410586552217,0.5117328294473624,0.1080013414335286,0.5698097993644168,0.53250478145919,0.7517241379310344,0.3878954607977992,109.0,36.0,282.0,445.0,0.408886220354248,0.7090095131505316,0.6007586533902324,1,0,0,0,0,0.48623853211009177,0.6620689655172414,0.20382165605095542,0.31168831168831174,0.5593220338983051,0.1092612150911897,0.5731252668026372,0.4805327108061006,0.6620689655172414,0.48418156808803303,96.0,49.0,352.0,375.0,0.3911738216751726,0.710688304420817,0.617704280155642,1,0,0,0,0,0.5114678899082569,0.6413793103448275,0.19096509240246407,0.29430379746835444,0.5344274176848207,0.07455154858950809,0.5497130389413272,0.4858167857343766,0.6413793103448275,0.4580467675378267,93.0,52.0,333.0,394.0,0.41759231462023416,0.6390598768886402,0.6048728813559322,0
camel-1.2.csv,608,2772,0,0,0,0,0.53125,0.6620370370370371,0.3638676844783715,0.46962233169129725,0.4682686099068352,0.024307354571573164,0.5121409674981103,0.5108615655412893,0.6620370370370371,0.3622448979591837,143.0,73.0,142.0,250.0,0.4116161616161616,0.7081659973226239,0.6001134429948951,1,0,0,0,0,0.4720394736842105,0.5185185185185185,0.37966101694915255,0.4383561643835617,0.525738927320097,0.04949077189872172,0.5258408919123205,0.46173716060182585,0.5185185185185185,0.5331632653061225,112.0,104.0,209.0,183.0,0.386002886002886,0.6224899598393574,0.6476323119777159,0,0,0,0,0,0.5641447368421053,0.8981481481481481,0.3766990291262136,0.53077975376197,0.3014532084391141,0.1053991115213865,0.53963529856387,0.7074602939188482,0.8981481481481481,0.18112244897959184,194.0,22.0,71.0,321.0,0.4411976911976912,0.9042838018741634,0.555738379267791,1
camel-1.0.csv,339,1830,0,0,0,0,0.640117994100295,0.6153846153846154,0.03636363636363636,0.06866952789699571,0.44596577017114913,-0.014050650077915764,0.48253893345917886,0.408583557837732,0.6153846153846154,0.3496932515337423,8.0,5.0,114.0,212.0,0.4158469945355191,0.6846652267818575,0.5747960108794198,0,0,0,0,0,0.5929203539823009,0.6153846153846154,0.0392156862745098,0.07373271889400922,0.48394602140530485,0.005553781714117982,0.5070788107597923,0.4198547812023094,0.6153846153846154,0.3987730061349693,8.0,5.0,130.0,196.0,0.4060109289617486,0.6663066954643628,0.5870599429115129,0,0,0,0,0,0.39823008849557523,0.38461538461538464,0.03787878787878788,0.06896551724137931,0.47189945458857013,-0.0019514915729085048,0.4975224162340727,0.5213368524065123,0.38461538461538464,0.6104294478527608,5.0,8.0,199.0,127.0,0.46174863387978143,0.36825053995680346,0.56738768718802,0
jedit-4.3.csv,492,2948,0,0,0,0,0.9776422764227642,1.0,0.022357723577235773,0.04373757455268389,0.0,NaN,0.5,0.6719360752706779,1.0,0.0,11.0,0.0,0.0,481.0,0.4094301221166893,1.0,0.5905698778833107,1,0,0,0,0,0.8577235772357723,1.0,0.025404157043879907,0.04954954954954955,0.21851851851851847,0.055822060363818315,0.5613305613305614,0.6814873182440391,1.0,0.12266112266112267,11.0,0.0,59.0,422.0,0.3853459972862958,0.9103963239517519,0.6179337231968811,1,0,0,0,0,0.823170731707317,0.6363636363636364,0.01715686274509804,0.03341288782816229,0.26371556392747825,-0.07752859137937898,0.40134190134190134,0.3326892762016777,0.6363636363636364,0.16632016632016633,7.0,4.0,80.0,401.0,0.38907734056987786,0.8782309017805858,0.6205357142857143,1
jedit-4.2.csv,367,2267,0,0,0,0,0.8692098092643051,1.0,0.1307901907356948,0.23132530120481928,0.0,NaN,0.5,0.6311665241021862,1.0,0.0,48.0,0.0,0.0,319.0,0.396118217909131,1.0,0.603881782090869,1,0,0,0,0,0.6920980926430518,0.9791666666666666,0.15666666666666668,0.27011494252873564,0.34161114476075105,0.16239717132235584,0.5930316091954023,0.6241603586766123,0.9791666666666666,0.20689655172413793,47.0,1.0,66.0,253.0,0.3418614909572122,0.8341855368882396,0.6757396449704142,1,0,0,0,0,0.7683923705722071,0.9583333333333334,0.1411042944785276,0.24598930481283424,0.21684999395624316,0.08625781862827923,0.5402951933124347,0.6349654769367785,0.9583333333333334,0.12225705329153605,46.0,2.0,39.0,280.0,0.40846934274371416,0.9174579985390796,0.6070565490575157,1
jedit-4.0.csv,306,1917,0,0,0,0,0.7549019607843137,1.0,0.24509803921568626,0.39370078740157477,0.0,NaN,0.5,0.746394112460838,1.0,0.0,75.0,0.0,0.0,231.0,0.41471048513302033,1.0,0.5852895148669797,1,0,0,0,0,0.4673202614379085,0.92,0.33495145631067963,0.4911032028469751,0.5642698681978336,0.29981476229637766,0.6634632034632034,0.7128789688979751,0.92,0.4069264069264069,69.0,6.0,94.0,137.0,0.39436619718309857,0.7352941176470589,0.6425233644859814,1,0,0,0,0,0.6993464052287581,1.0,0.25951557093425603,0.41208791208791207,0.1370967741935483,0.13819749820569552,0.5367965367965368,0.7510456735472795,1.0,0.0735930735930736,75.0,0.0,17.0,214.0,0.4032342201356286,0.9420677361853832,0.5988668555240794,1
jedit-3.2.csv,272,1695,0,0,0,0,0.6691176470588235,1.0,0.33088235294117646,0.4972375690607735,0.0,NaN,0.5,0.7800058968211481,1.0,0.0,90.0,0.0,0.0,182.0,0.415929203539823,1.0,0.584070796460177,1,1,0,0,1,0.31985294117647056,0.7555555555555555,0.5112781954887218,0.6098654708520179,0.6946651532349603,0.37502213344762503,0.6992063492063492,0.635205832680287,0.7555555555555555,0.6428571428571429,68.0,22.0,117.0,65.0,0.3805309734513274,0.5666666666666667,0.722007722007722,0,0,0,0,0,0.5772058823529411,0.8666666666666667,0.34977578475336324,0.4984025559105431,0.32933926737418695,0.08565982787331519,0.534981684981685,0.7026137401105395,0.8666666666666667,0.2032967032967033,78.0,12.0,37.0,145.0,0.40294985250737464,0.8848484848484849,0.6062283737024221,1
jedit-4.1.csv,312,1967,0,0,0,0,0.7467948717948718,1.0,0.2532051282051282,0.40409207161125316,0.0,NaN,0.5,0.719275123858172,1.0,0.0,79.0,0.0,0.0,233.0,0.4107778342653787,1.0,0.5892221657346213,1,0,0,0,0,0.46153846153846156,0.9240506329113924,0.3459715639810427,0.503448275862069,0.5657991351880558,0.30834328809302386,0.6658879773999022,0.6922654140654536,0.9240506329113924,0.40772532188841204,73.0,6.0,95.0,138.0,0.3868835790543976,0.7411561691113029,0.6507575757575758,1,0,0,0,0,0.6858974358974359,0.9873417721518988,0.26804123711340205,0.42162162162162153,0.15794269515034925,0.1270047452493505,0.5365893410115716,0.7176113061547779,0.9873417721518988,0.08583690987124463,78.0,1.0,20.0,213.0,0.3909506863243518,0.9585849870578085,0.6064410480349345,1
log4j-1.1.csv,109,742,0,0,0,0,0.6605504587155964,1.0,0.3394495412844037,0.5068493150684932,0.0,NaN,0.5,0.5778575746977793,1.0,0.0,37.0,0.0,0.0,72.0,0.4501347708894879,1.0,0.5498652291105122,1,0,0,0,0,0.5321100917431193,0.918918918918919,0.38202247191011235,0.5396825396825397,0.3756906077348067,0.1896587746134265,0.577515015015015,0.5198236153698086,0.918918918918919,0.2361111111111111,34.0,3.0,17.0,55.0,0.37331536388140163,0.8455882352941176,0.6171735241502684,1,0,0,0,0,0.5321100917431193,0.8648648648648649,0.3764705882352941,0.5245901639344263,0.40438975723312265,0.14713362197159147,0.5643768768768769,0.5427826261410372,0.8648648648648649,0.2638888888888889,32.0,5.0,19.0,53.0,0.408355795148248,0.7818627450980392,0.5984990619136961,1
log4j-1.2.csv,205,1411,1,1,0,0,0.1902439024390244,0.8571428571428571,0.9310344827586207,0.8925619834710743,0.3870967741935483,0.08022295326806644,0.5535714285714286,0.6551409172969229,0.8571428571428571,0.25,162.0,27.0,4.0,12.0,0.4231041814316088,0.8931788931788932,0.5745033112582781,1,0,0,0,0,0.5073170731707317,0.4656084656084656,0.967032967032967,0.6285714285714286,0.5919793014230271,0.15015229707538802,0.6390542328042328,0.492357613826023,0.4656084656084656,0.8125,88.0,101.0,13.0,3.0,0.3933380581148122,0.640926640926641,0.6434108527131783,0,1,1,0,0,0.32195121951219513,0.7037037037037037,0.9300699300699301,0.8012048192771084,0.4892703862660944,0.045964464006900255,0.5393518518518519,0.6401354428638345,0.7037037037037037,0.375,133.0,56.0,6.0,10.0,0.4379872430900071,0.8455598455598455,0.5688311688311688,1
log4j-1.0.csv,135,876,0,0,0,0,0.5481481481481482,0.9705882352941176,0.3113207547169811,0.4714285714285714,0.4312718786464411,0.26192531995166746,0.6239079790331974,0.5775373771950658,0.9705882352941176,0.27722772277227725,33.0,1.0,28.0,73.0,0.4063926940639269,0.7768052516411379,0.5829228243021346,1,0,0,0,1,0.4074074074074074,0.8529411764705882,0.3670886075949367,0.5132743362831859,0.6343555650868539,0.31531467114543804,0.6789458357600466,0.5945860733267273,0.8529411764705882,0.504950495049505,29.0,5.0,51.0,50.0,0.408675799086758,0.6105032822757112,0.6078431372549019,0,0,0,0,1,0.4222222222222222,0.7647058823529411,0.3466666666666667,0.4770642201834862,0.6153846153846153,0.2442107799974794,0.639778683750728,0.5874859758744093,0.7647058823529411,0.5148514851485149,26.0,8.0,52.0,49.0,0.4269406392694064,0.5470459518599562,0.5995203836930456,0
wspomaganiepi.csv,18,108,1,0,0,0,0.3333333333333333,1.0,0.6666666666666666,0.8,0.0,NaN,0.5,0.66234242157725,1.0,0.0,12.0,0.0,0.0,6.0,0.42592592592592593,1.0,0.5740740740740741,1,1,1,0,1,0.2777777777777778,0.75,0.8181818181818182,0.7826086956521738,0.7058823529411764,0.4029114820126901,0.7083333333333334,0.6318235121665199,0.75,0.6666666666666666,9.0,3.0,4.0,2.0,0.3333333333333333,0.5967741935483871,0.7708333333333334,0,1,0,0,0,0.4444444444444444,0.75,0.6428571428571429,0.6923076923076924,0.27272727272727265,-0.0944911182523068,0.4583333333333333,0.6182351216652007,0.75,0.16666666666666666,9.0,3.0,1.0,5.0,0.3888888888888889,0.7580645161290323,0.6351351351351351,1
ckjm.csv,10,84,0,0,0,0,0.5,0.0,0.0,0.0,0.0,NaN,0.5,0.6287270251872021,0.0,1.0,0.0,5.0,5.0,0.0,0.5,0.0,0.0,0,1,0,0,0,0.4,1.0,0.5555555555555556,0.7142857142857143,0.33333333333333326,0.3333333333333333,0.6,0.6294077603812117,1.0,0.2,5.0,0.0,1.0,4.0,0.4642857142857143,0.9285714285714286,0.52,1,0,0,0,0,0.4,0.6,0.6,0.6,0.6,0.2,0.6,0.5975493533015657,0.6,0.6,3.0,2.0,3.0,2.0,0.4523809523809524,0.35714285714285715,0.5769230769230769,0
pbeans2.csv,51,434,0,0,0,1,0.3137254901960784,0.7,0.35,0.4666666666666667,0.691358024691358,0.3113951752250226,0.6914634146341463,0.5877685950413223,0.7,0.6829268292682927,7.0,3.0,28.0,13.0,0.41705069124423966,0.5069124423963134,0.5978260869565217,0,0,0,0,0,0.19607843137254902,0.4,0.5,0.4444444444444445,0.5543071161048689,0.33017982690370057,0.651219512195122,0.4126876033057851,0.4,0.9024390243902439,4.0,6.0,37.0,4.0,0.4377880184331797,0.23963133640552994,0.6753246753246753,0,0,0,0,0,0.49019607843137253,0.5,0.2,0.28571428571428575,0.5060240963855421,0.009685485552825746,0.5060975609756098,0.43473719008264455,0.5,0.5121951219512195,5.0,5.0,21.0,20.0,0.41935483870967744,0.543778801843318,0.5870646766169154,0
pbeans1.csv,26,228,0,0,0,1,0.38461538461538464,0.55,0.9166666666666666,0.6874999999999999,0.6626506024096386,0.3239757976459313,0.6916666666666667,0.5029971284996411,0.55,0.8333333333333334,11.0,9.0,5.0,1.0,0.38596491228070173,0.5701754385964912,0.625,0,0,0,0,1,0.4230769230769231,0.5,0.9090909090909091,0.6451612903225806,0.625,0.2842676218074806,0.6666666666666666,0.4696518305814788,0.5,0.8333333333333334,10.0,10.0,5.0,1.0,0.3684210526315789,0.543859649122807,0.6595744680851063,0,1,1,0,0,0.2692307692307692,0.95,0.76,0.8444444444444444,0.0,-0.10954451150103321,0.475,0.8537060301507537,0.95,0.0,19.0,1.0,0.0,6.0,0.4956140350877193,1.0,0.5022026431718062,1
berek.csv,43,293,0,0,0,0,0.627906976744186,1.0,0.37209302325581395,0.5423728813559322,0.0,NaN,0.5,0.6880491955445543,1.0,0.0,16.0,0.0,0.0,27.0,0.3993174061433447,1.0,0.6006825938566553,1,1,0,0,1,0.27906976744186046,0.9375,0.5769230769230769,0.7142857142857143,0.7261724659606658,0.5240617638802898,0.7650462962962963,0.6700185643564356,0.9375,0.5925925925925926,15.0,1.0,16.0,11.0,0.36860068259385664,0.5965909090909091,0.7394366197183099,0,0,0,0,0,0.5116279069767442,1.0,0.42105263157894735,0.5925925925925926,0.3125000000000001,0.27923593886113035,0.5925925925925926,0.7073213180693068,1.0,0.18518518518518517,16.0,0.0,5.0,22.0,0.3447098976109215,0.9261363636363636,0.649402390438247,1
ant-1.6.csv,351,2141,0,0,0,0,0.5754985754985755,0.967391304347826,0.3090277777777778,0.4684210526315789,0.3738056070841062,0.22810920468935736,0.5995257680040289,0.600710630723879,0.967391304347826,0.23166023166023167,89.0,3.0,60.0,199.0,0.3829985987856142,0.8718159408381265,0.615072463768116,1,0,0,0,1,0.42450142450142453,0.9130434782608695,0.37333333333333335,0.5299684542586751,0.6078744020605911,0.33796521256442164,0.6843209669296626,0.6127653803301625,0.9130434782608695,0.4555984555984556,84.0,8.0,118.0,141.0,0.3811303129378795,0.7000821692686935,0.6538756715272448,1,0,0,0,0,0.5868945868945868,0.9565217391304348,0.30344827586206896,0.4607329842931937,0.35782565273220146,0.2049594839728687,0.5882994796038274,0.5966345677628303,0.9565217391304348,0.22007722007722008,88.0,4.0,57.0,202.0,0.4161606725829052,0.8447000821692687,0.5942196531791908,1
ant-1.4.csv,178,1226,0,0,0,0,0.7752808988764045,1.0,0.2247191011235955,0.36697247706422015,0.0,NaN,0.5,0.7492494695082571,1.0,0.0,40.0,0.0,0.0,138.0,0.41517128874388254,1.0,0.5848287112561175,1,0,0,0,0,0.6573033707865169,0.75,0.21897810218978103,0.33898305084745767,0.34572490706319703,-0.025142374145839218,0.48731884057971014,0.5362169019282219,0.75,0.2246376811594203,30.0,10.0,31.0,107.0,0.3727569331158238,0.8437935843793585,0.6368421052631579,1,0,0,0,0,0.7303370786516854,0.925,0.22560975609756098,0.36274509803921573,0.146772448611612,0.007303278585626998,0.5023550724637681,0.7019563612879414,0.925,0.07971014492753623,37.0,3.0,11.0,127.0,0.4086460032626427,0.9246861924686193,0.5972972972972973,1
ant-1.7.csv,745,3378,0,0,0,0,0.7771812080536913,1.0,0.22281879194630871,0.36443468715697036,0.0,NaN,0.5,0.5815877274536456,1.0,0.0,166.0,0.0,0.0,579.0,0.41503848431024276,1.0,0.5849615156897573,1,0,0,0,0,0.6013422818791946,0.9698795180722891,0.26655629139072845,0.4181818181818181,0.37818558659700335,0.2175333308737281,0.6023836277753502,0.5769872779496288,0.9698795180722891,0.23488773747841105,161.0,5.0,136.0,443.0,0.3830669034931912,0.8350202429149798,0.6302521008403361,1,0,0,0,0,0.6389261744966444,0.9578313253012049,0.2531847133757962,0.4005037783375315,0.3170747183219877,0.16905822382366673,0.5739070270720187,0.5745661254960748,0.9578313253012049,0.18998272884283246,159.0,7.0,110.0,469.0,0.3845470692717584,0.8719635627530364,0.6222462983026363,1
ant-1.5.csv,293,1856,0,0,0,0,0.7542662116040956,1.0,0.12648221343873517,0.22456140350877193,0.26578073089700993,0.13922732228375378,0.5766283524904214,0.5931084643927992,1.0,0.1532567049808429,32.0,0.0,40.0,221.0,0.39655172413793105,0.899904671115348,0.5993650793650793,1,0,0,0,0,0.6791808873720137,0.96875,0.13537117903930132,0.23754789272030652,0.3864648263579698,0.158625918493658,0.6050646551724138,0.5778336703160365,0.96875,0.2413793103448276,31.0,1.0,63.0,198.0,0.38092672413793105,0.8379408960915157,0.6207627118644068,1,0,0,0,0,0.7133105802047781,0.84375,0.11688311688311688,0.20532319391634982,0.3469732837335136,0.047453721850999234,0.5310704022988506,0.5123356491320785,0.84375,0.21839080459770116,27.0,5.0,57.0,204.0,0.39439655172413796,0.8131553860819828,0.6141108711303096,1
ant-1.3.csv,125,905,0,0,0,0,0.84,1.0,0.16,0.2758620689655173,0.0,NaN,0.5,0.5156211040080638,1.0,0.0,20.0,0.0,0.0,105.0,0.4044198895027624,1.0,0.5955801104972376,1,0,0,0,0,0.84,1.0,0.16,0.2758620689655173,0.0,NaN,0.5,0.5156211040080638,1.0,0.0,20.0,0.0,0.0,105.0,0.4044198895027624,1.0,0.5955801104972376,1,0,0,0,0,0.72,1.0,0.18181818181818182,0.3076923076923077,0.2500000000000001,0.16116459280507606,0.5714285714285714,0.5480728931801905,1.0,0.14285714285714285,20.0,0.0,15.0,90.0,0.38453038674033146,0.9090909090909091,0.6210392902408112,1
serapion.csv,45,304,0,0,0,0,0.24444444444444444,0.3333333333333333,0.375,0.35294117647058826,0.4806201550387597,0.20343336780168372,0.5972222222222222,0.37094505262044547,0.3333333333333333,0.8611111111111112,3.0,6.0,31.0,5.0,0.39473684210526316,0.3157894736842105,0.75,0,0,0,0,1,0.3333333333333333,0.6666666666666666,0.3333333333333333,0.4444444444444444,0.6666666666666666,0.2721655269759087,0.6666666666666666,0.4817071235919406,0.6666666666666666,0.6666666666666666,6.0,3.0,24.0,12.0,0.3815789473684211,0.4473684210526316,0.68,0,0,0,0,0,0.28888888888888886,0.4444444444444444,0.3333333333333333,0.380952380952381,0.5656565656565655,0.20100756305184242,0.6111111111111112,0.4119942884340792,0.4444444444444444,0.7777777777777778,4.0,5.0,28.0,8.0,0.4473684210526316,0.2894736842105263,0.6111111111111112,0
sklebagd.csv,20,200,1,0,0,0,0.4,1.0,0.6,0.7499999999999999,0.0,NaN,0.5,0.677115878636395,1.0,0.0,12.0,0.0,0.0,8.0,0.445,1.0,0.555,1,1,0,0,0,0.3,0.9166666666666666,0.6875,0.7857142857142857,0.5322580645161291,0.3572172541558802,0.6458333333333334,0.7191383739498713,0.9166666666666666,0.375,11.0,1.0,3.0,5.0,0.415,0.8468468468468469,0.5875,1,1,0,0,0,0.4,1.0,0.6,0.7499999999999999,0.0,NaN,0.5,0.677115878636395,1.0,0.0,12.0,0.0,0.0,8.0,0.445,1.0,0.555,1
xerces-1.3.csv,453,1959,0,0,1,1,0.2980132450331126,0.855072463768116,0.32065217391304346,0.466403162055336,0.7541145409233351,0.3874479930019037,0.7647758152173914,0.714691850639511,0.855072463768116,0.6744791666666666,59.0,10.0,259.0,125.0,0.3833588565594691,0.720226843100189,0.6261298274445357,1,0,0,0,1,0.4613686534216336,0.8840579710144928,0.23282442748091603,0.36858006042296076,0.6192893401015229,0.2624056637263967,0.6803102355072463,0.7077568041437869,0.8840579710144928,0.4765625,61.0,8.0,183.0,201.0,0.3746809596733027,0.7967863894139886,0.6189427312775331,1,0,0,0,1,0.3487858719646799,0.5507246376811594,0.23030303030303031,0.3247863247863248,0.6042382057231245,0.16427280836155567,0.6099977355072463,0.5508649726724065,0.5507246376811594,0.6692708333333334,38.0,31.0,257.0,127.0,0.41807044410413474,0.6058601134215501,0.6145733461169702,0
xerces-1.2.csv,440,1862,0,0,0,0,0.39090909090909093,0.4647887323943662,0.19760479041916168,0.2773109243697479,0.537384796618391,0.07705294634725504,0.550822550479026,0.4061237456259526,0.4647887323943662,0.6368563685636857,33.0,38.0,235.0,134.0,0.40440386680988183,0.6909272183449651,0.6100352112676056,0,0,0,0,0,0.41818181818181815,0.38028169014084506,0.16167664670658682,0.226890756302521,0.47158874227747694,665000000000,0.5004389480514524,0.3340544478773135,0.38028169014084506,0.6205962059620597,27.0,44.0,229.0,140.0,0.3845327604726101,0.6251246261216351,0.6483971044467425,0,0,0,0,0,0.5840909090909091,0.676056338028169,0.1702127659574468,0.27195467422096314,0.4747774480712167,0.032137114864455564,0.5209549982823772,0.5922068510627979,0.676056338028169,0.36585365853658536,48.0,23.0,135.0,234.0,0.40601503759398494,0.8325024925224327,0.5867884750527056,1
xerces-1.4.csv,588,2540,0,0,0,1,0.3945578231292517,0.5446224256292906,0.8782287822878229,0.672316384180791,0.6418906564271347,0.28578422413425747,0.6630396896358374,0.4862910778489115,0.5446224256292906,0.7814569536423841,238.0,199.0,118.0,33.0,0.3901574803149606,0.7416370106761566,0.6239520958083832,1,0,0,0,1,0.3299319727891156,0.6407322654462243,0.8832807570977917,0.7427055702917772,0.6931746617733284,0.3468007564423292,0.6978495764317214,0.5482752433477495,0.6407322654462243,0.7549668874172185,280.0,157.0,114.0,37.0,0.38110236220472443,0.8234875444839858,0.6164091635588705,1,0,0,0,1,0.41496598639455784,0.540045766590389,0.8458781362007168,0.659217877094972,0.6154143326250724,0.2233368990551382,0.6276387773349296,0.49750527022484214,0.540045766590389,0.7152317880794702,236.0,201.0,108.0,43.0,0.371259842519685,0.7195729537366548,0.6480769230769231,1
xerces-init.csv,162,1056,0,0,0,0,0.5864197530864198,0.4805194805194805,0.40217391304347827,0.43786982248520706,0.4069660861594867,-0.16789151142575304,0.4167303284950344,0.39403196948557323,0.4805194805194805,0.35294117647058826,37.0,40.0,30.0,55.0,0.375,0.7311072056239016,0.6312594840667678,1,0,0,0,0,0.5864197530864198,0.4935064935064935,0.40425531914893614,0.4444444444444444,0.40344133260113485,-0.16728386427505015,0.4173414820473644,0.4361840016285665,0.4935064935064935,0.3411764705882353,38.0,39.0,29.0,56.0,0.39678030303030304,0.6994727592267135,0.6160990712074303,0,0,0,0,0,0.43209876543209874,0.6233766233766234,0.5393258426966292,0.5783132530120482,0.5656132833422602,0.141543666814595,0.5705118411000764,0.5580249684837528,0.6233766233766234,0.5176470588235295,48.0,29.0,44.0,41.0,0.4337121212121212,0.6854130052724078,0.5829596412556054,0
zuzel.csv,29,200,0,0,0,0,0.5517241379310345,1.0,0.4482758620689655,0.6190476190476191,0.0,NaN,0.5,0.6720327727192716,1.0,0.0,13.0,0.0,0.0,16.0,0.47,1.0,0.53,1,1,0,0,0,0.41379310344827586,0.8461538461538461,0.5238095238095238,0.6470588235294118,0.5196850393700787,0.24607728319377492,0.6105769230769231,0.5525062275634359,0.8461538461538461,0.375,11.0,2.0,6.0,10.0,0.375,0.7547169811320755,0.6201550387596899,1,0,0,0,0,0.5172413793103449,0.0,0.0,0.0,0.0,-0.2453266907313291,0.4375,0.6641703071909022,0.0,0.875,0.0,13.0,14.0,2.0,0.42,0.3490566037735849,0.7115384615384616,0
synapse-1.1.csv,222,1254,0,0,0,0,0.7297297297297297,1.0,0.2702702702702703,0.4255319148936171,0.0,NaN,0.5,0.6384635084235577,1.0,0.0,60.0,0.0,0.0,162.0,0.45454545454545453,1.0,0.5454545454545454,1,0,0,0,0,0.5,0.7833333333333333,0.32413793103448274,0.45853658536585373,0.5252313602235028,0.16645107218067826,0.5891975308641976,0.5782453154303185,0.7833333333333333,0.3950617283950617,47.0,13.0,64.0,98.0,0.4082934609250399,0.7192982456140351,0.6059113300492611,1,0,0,0,0,0.43243243243243246,0.8666666666666667,0.37142857142857144,0.52,0.5982587064676618,0.2976312037780687,0.6617283950617284,0.6255779868564137,0.8666666666666667,0.4567901234567901,52.0,8.0,74.0,88.0,0.4266347687400319,0.6827485380116959,0.5949044585987261,0
synapse-1.2.csv,256,1446,0,0,0,0,0.6640625,1.0,0.3359375,0.5029239766081871,0.0,NaN,0.5,0.6254142577700502,1.0,0.0,86.0,0.0,0.0,170.0,0.43983402489626555,1.0,0.5601659751037344,1,0,0,0,0,0.55078125,0.9418604651162791,0.37327188940092165,0.5346534653465347,0.3299389002036659,0.1864545111489002,0.5709302325581396,0.5800149967398396,0.9418604651162791,0.2,81.0,5.0,34.0,136.0,0.42323651452282157,0.8271604938271605,0.5866900175131349,1,0,0,0,0,0.4453125,0.8604651162790697,0.42045454545454547,0.5648854961832062,0.5461254612546126,0.2654128381032484,0.6302325581395349,0.5584222995001097,0.8604651162790697,0.4,74.0,12.0,68.0,102.0,0.4004149377593361,0.7567901234567901,0.6160804020100502,1
synapse-1.0.csv,157,881,0,0,0,0,0.8980891719745223,1.0,0.10191082802547771,0.18497109826589597,0.0,NaN,0.5,0.4252043845032285,1.0,0.0,16.0,0.0,0.0,141.0,0.41543700340522133,1.0,0.5845629965947786,1,0,0,0,0,0.6242038216560509,0.875,0.12727272727272726,0.22222222222222224,0.467706013363029,0.12825056625674094,0.5970744680851063,0.38164575088523234,0.875,0.3191489361702128,14.0,2.0,45.0,96.0,0.337116912599319,0.7281553398058253,0.7048872180451128,1,0,0,0,0,0.7898089171974523,1.0,0.11428571428571428,0.20512820512820512,0.21518987341772142,0.11738453336255887,0.5602836879432624,0.4711258071235159,1.0,0.12056737588652482,16.0,0.0,17.0,124.0,0.4018161180476731,0.9572815533980582,0.5975757575757575,1
nieruchomosci.csv,27,208,0,0,0,0,0.6296296296296297,1.0,0.37037037037037035,0.5405405405405406,0.0,NaN,0.5,0.541691207404291,1.0,0.0,10.0,0.0,0.0,17.0,0.47596153846153844,1.0,0.5240384615384616,1,1,0,1,1,0.2222222222222222,1.0,0.625,0.7692307692307693,0.7857142857142857,0.6359337738364604,0.8235294117647058,0.6268826251577616,1.0,0.6470588235294118,10.0,0.0,11.0,6.0,0.36538461538461536,0.6330275229357798,0.6571428571428571,0,0,0,0,0,0.4444444444444444,1.0,0.45454545454545453,0.625,0.45454545454545453,0.3656362120635653,0.6470588235294118,0.5941943626419856,1.0,0.29411764705882354,10.0,0.0,5.0,12.0,0.40384615384615385,0.7798165137614679,0.5862068965517241,1
tomcat.csv,858,3734,0,0,0,0,0.6165501165501166,0.922077922077922,0.11952861952861953,0.21162444113263784,0.48642404769175623,0.15631681806627123,0.6262118163526614,0.5622008614585312,0.922077922077922,0.33034571062740076,71.0,6.0,258.0,523.0,0.38698446705945366,0.8302068302068302,0.6124911284599006,1,0,0,0,1,0.49533799533799533,0.9090909090909091,0.14344262295081966,0.247787610619469,0.615097856477167,0.2157704285111043,0.6869398207426376,0.5587212331360468,0.9090909090909091,0.4647887323943662,70.0,7.0,363.0,418.0,0.3749330476700589,0.7171717171717171,0.6474164133738601,1,0,0,0,0,0.6247086247086248,0.8831168831168831,0.11428571428571428,0.20238095238095236,0.4753805080780558,0.12915439000934864,0.604170477409914,0.5762064950355256,0.8831168831168831,0.32522407170294493,68.0,9.0,254.0,527.0,0.4274236743438672,0.734006734006734,0.5940054495912807,1
systemdata.csv,65,346,0,0,0,0,0.7384615384615385,0.8888888888888888,0.14545454545454545,0.25,0.2722117202268431,0.04748357352484914,0.5248015873015873,0.5674359029711661,0.8888888888888888,0.16071428571428573,8.0,1.0,9.0,47.0,0.41329479768786126,0.8241758241758241,0.5747126436781609,1,0,0,0,0,0.5076923076923077,0.8888888888888888,0.2,0.326530612244898,0.5783132530120483,0.22537446792760443,0.6587301587301587,0.6364440990436714,0.8888888888888888,0.42857142857142855,8.0,1.0,24.0,32.0,0.3815028901734104,0.6428571428571429,0.6358695652173914,0,0,0,0,1,0.26153846153846155,0.6666666666666666,0.3,0.41379310344827586,0.7058823529411765,0.3118047822311618,0.7083333333333334,0.6135037310479312,0.6666666666666666,0.75,6.0,3.0,42.0,14.0,0.37572254335260113,0.510989010989011,0.6940298507462687,0
poi-1.5.csv,237,1112,1,0,0,0,0.35443037974683544,0.7659574468085106,0.6792452830188679,0.72,0.5815831987075929,0.24520322533583735,0.6173537234042553,0.5780288990330311,0.7659574468085106,0.46875,108.0,33.0,45.0,51.0,0.38489208633093525,0.6906354515050167,0.6295731707317073,0,1,0,0,0,0.34177215189873417,0.8581560283687943,0.6648351648351648,0.7492260061919503,0.5117515557972329,0.25901511292676926,0.6113696808510638,0.613503838856569,0.8581560283687943,0.3645833333333333,121.0,20.0,35.0,61.0,0.37859712230215825,0.705685618729097,0.6326836581709145,1,0,0,0,0,0.4641350210970464,0.574468085106383,0.6183206106870229,0.5955882352941176,0.5225073622212874,0.052954499468088126,0.5268173758865248,0.5348706161261148,0.574468085106383,0.4791666666666667,81.0,60.0,46.0,50.0,0.39568345323741005,0.7608695652173914,0.6050531914893617,1
poi-3.0.csv,442,1930,1,0,0,0,0.3076923076923077,0.9323843416370107,0.6912928759894459,0.7939393939393938,0.42268910644226887,0.28311338331524477,0.6028381335514246,0.7056221550123402,0.9323843416370107,0.2732919254658385,262.0,19.0,44.0,117.0,0.3963730569948187,0.852304797742239,0.5984147952443857,1,1,1,0,1,0.2420814479638009,0.8683274021352313,0.7770700636942676,0.8201680672268906,0.6847274689692391,0.45997080168069737,0.7167723967197895,0.6749579612627494,0.8683274021352313,0.5652173913043478,244.0,37.0,91.0,70.0,0.39792746113989635,0.702728127939793,0.6230191826522101,1,1,1,0,0,0.2692307692307692,0.9110320284697508,0.7314285714285714,0.8114104595879555,0.5713238845494063,0.3878165745405756,0.6635905483963661,0.7039642428100333,0.9110320284697508,0.4161490683229814,256.0,25.0,67.0,94.0,0.4025906735751295,0.7761053621825024,0.6048387096774194,1
poi-2.5.csv,385,1692,1,1,0,0,0.2883116883116883,0.9153225806451613,0.7160883280757098,0.8035398230088495,0.49907613144661445,0.32439551232810293,0.6291941370379092,0.708222039943841,0.9153225806451613,0.34306569343065696,227.0,21.0,47.0,90.0,0.39775413711583923,0.8112189859762675,0.6016,1,1,1,0,0,0.2831168831168831,0.9032258064516129,0.7249190938511327,0.8043087971274686,0.5345080763582966,0.3401424492171935,0.6413939251236167,0.7037196756384807,0.9032258064516129,0.3795620437956204,224.0,24.0,52.0,85.0,0.4107565011820331,0.7411003236245954,0.6015761821366025,1,0,0,0,0,0.5298701298701298,0.4798387096774194,0.6134020618556701,0.5384615384615384,0.4657975314877364,-0.06473770847901868,0.4661967271014834,0.493256354769468,0.4798387096774194,0.45255474452554745,119.0,129.0,62.0,75.0,0.41548463356973997,0.6936353829557713,0.6054613935969868,0
poi-2.0.csv,314,1354,0,0,0,0,0.6815286624203821,0.8918918918918919,0.13580246913580246,0.2357142857142857,0.38055077452667807,0.10310136071399761,0.5668845741047908,0.5907089753887584,0.8918918918918919,0.24187725631768953,33.0,4.0,67.0,210.0,0.3862629246676514,0.7777777777777778,0.6109913793103449,1,0,0,0,0,0.5700636942675159,0.7297297297297297,0.1377551020408163,0.2317596566523605,0.508235294117647,0.0796307276578904,0.5598107132403162,0.495750475658387,0.7297297297297297,0.3898916967509025,27.0,10.0,108.0,169.0,0.3847858197932053,0.4993141289437586,0.7,0,0,0,0,0,0.7229299363057324,0.8378378378378378,0.12301587301587301,0.21453287197231832,0.32573412139975605,0.032400148074435,0.5200019514098937,0.5880701192547156,0.8378378378378378,0.20216606498194944,31.0,6.0,56.0,221.0,0.4423929098966027,0.7764060356652949,0.564870259481038,1
